county,state,fips,rate_per_100
AUTAUGA,AL,01001,106.6
BALDWIN,AL,01003,106.7
BARBOUR,AL,01005,90.7
BIBB,AL,01007,80.6
BLOUNT,AL,01009,48.9
BULLOCK,AL,01011,19.9
BUTLER,AL,01013,118.6
CALHOUN,AL,01015,138.2
CHAMBERS,AL,01017,127
CHEROKEE,AL,01019,128.3
CHILTON,AL,01021,107
CHOCTAW,AL,01023,92.2
CLARKE,AL,01025,154.5
CLAY,AL,01027,112.2
CLEBURNE,AL,01029,48.1
COFFEE,AL,01031,118.7
COLBERT,AL,01033,186
CONECUH,AL,01035,84.9
COOSA,AL,01037,24.3
COVINGTON,AL,01039,143.1
CRENSHAW,AL,01041,81.1
CULLMAN,AL,01043,141.1
DALE,AL,01045,69.6
DALLAS,AL,01047,102.6
DE KALB,AL,01049,103.2
ELMORE,AL,01051,109.4
ESCAMBIA,AL,01053,154.9
ETOWAH,AL,01055,130.5
FAYETTE,AL,01057,114.3
FRANKLIN,AL,01059,181.3
GENEVA,AL,01061,42.1
GREENE,AL,01063,53.9
HALE,AL,01065,98.7
HENRY,AL,01067,26.7
HOUSTON,AL,01069,136.2
JACKSON,AL,01071,138.6
JEFFERSON,AL,01073,104.2
LAMAR,AL,01075,75.4
LAUDERDALE,AL,01077,104.7
LAWRENCE,AL,01079,98.8
LEE,AL,01081,58.5
LIMESTONE,AL,01083,68.3
LOWNDES,AL,01085,0.4
MACON,AL,01087,44.6
MADISON,AL,01089,100.5
MARENGO,AL,01091,127.2
MARION,AL,01093,162.1
MARSHALL,AL,01095,163.9
MOBILE,AL,01097,118.4
MONROE,AL,01099,123.4
MONTGOMERY,AL,01101,81.2
MORGAN,AL,01103,117.7
PERRY,AL,01105,3.6
PICKENS,AL,01107,70.1
PIKE,AL,01109,98.9
RANDOLPH,AL,01111,95
RUSSELL,AL,01113,103.4
SAINT CLAIR,AL,01115,105
SHELBY,AL,01117,89.6
SUMTER,AL,01119,36.4
TALLADEGA,AL,01121,123.6
TALLAPOOSA,AL,01123,98.3
TUSCALOOSA,AL,01125,99.9
WALKER,AL,01127,216.1
WASHINGTON,AL,01129,52.4
WILCOX,AL,01131,52.6
WINSTON,AL,01133,155.1
ANCHORAGE,AK,02020,59.4
FAIRBANKS NORTH STAR,AK,02090,42.9
JUNEAU,AK,02110,65.7
KENAI PENINSULA,AK,02122,83
KETCHIKAN GATEWAY,AK,02130,77.4
KODIAK ISLAND,AK,02150,28.9
MATANUSKA SUSITNA,AK,02170,69.3
PETERSBURG,AK,02195,63
PRINCE OF WALES HYDER,AK,02198,38.9
SITKA,AK,02220,7.2
VALDEZ CORDOVA,AK,02261,38.2
WRANGELL,AK,02275,0.2
APACHE,AZ,04001,18.6
COCHISE,AZ,04003,69
COCONINO,AZ,04005,42.4
GILA,AZ,04007,88
GRAHAM,AZ,04009,74.6
GREENLEE,AZ,04011,0
LA PAZ,AZ,04012,67
MARICOPA,AZ,04013,59.2
MOHAVE,AZ,04015,111.8
NAVAJO,AZ,04017,66
PIMA,AZ,04019,65.4
PINAL,AZ,04021,50.1
SANTA CRUZ,AZ,04023,21.9
YAVAPAI,AZ,04025,87.2
YUMA,AZ,04027,48.5
ARKANSAS,AR,05001,116
ASHLEY,AR,05003,108.1
BAXTER,AR,05005,133.4
BENTON,AR,05007,79.4
BOONE,AR,05009,141.2
BRADLEY,AR,05011,109.6
CALHOUN,AR,05013,73.7
CARROLL,AR,05015,78.4
CHICOT,AR,05017,80
CLARK,AR,05019,95.3
CLAY,AR,05021,111.4
CLEBURNE,AR,05023,112.2
CLEVELAND,AR,05025,0.7
COLUMBIA,AR,05027,101.5
CONWAY,AR,05029,122.1
CRAIGHEAD,AR,05031,141.5
CRAWFORD,AR,05033,141.4
CRITTENDEN,AR,05035,105.5
CROSS,AR,05037,101.9
DALLAS,AR,05039,77.6
DESHA,AR,05041,129.4
DREW,AR,05043,120.8
FAULKNER,AR,05045,89.9
FRANKLIN,AR,05047,19.3
FULTON,AR,05049,109.2
GARLAND,AR,05051,157.8
GRANT,AR,05053,74.1
GREENE,AR,05055,166.8
HEMPSTEAD,AR,05057,116.4
HOT SPRING,AR,05059,95.5
HOWARD,AR,05061,138.7
INDEPENDENCE,AR,05063,150.9
IZARD,AR,05065,95.8
JACKSON,AR,05067,136.4
JEFFERSON,AR,05069,103.8
JOHNSON,AR,05071,101.2
LAFAYETTE,AR,05073,111
LAWRENCE,AR,05075,35.8
LEE,AR,05077,67.5
LINCOLN,AR,05079,59.6
LITTLE RIVER,AR,05081,158.4
LOGAN,AR,05083,37.9
LONOKE,AR,05085,95.4
MADISON,AR,05087,81.1
MARION,AR,05089,78.1
MILLER,AR,05091,102.5
MISSISSIPPI,AR,05093,138.4
MONROE,AR,05095,85.6
MONTGOMERY,AR,05097,82
NEWTON,AR,05101,0.9
OUACHITA,AR,05103,138.7
PERRY,AR,05105,27.5
PHILLIPS,AR,05107,156.5
PIKE,AR,05109,87.5
POINSETT,AR,05111,112.5
POLK,AR,05113,105.8
POPE,AR,05115,105.8
PRAIRIE,AR,05117,72.1
PULASKI,AR,05119,98.3
RANDOLPH,AR,05121,106
SAINT FRANCIS,AR,05123,89.2
SALINE,AR,05125,92.7
SCOTT,AR,05127,116.1
SEARCY,AR,05129,68.6
SEBASTIAN,AR,05131,153.1
SEVIER,AR,05133,57.1
SHARP,AR,05135,124.4
STONE,AR,05137,154.1
UNION,AR,05139,120
VAN BUREN,AR,05141,90.6
WASHINGTON,AR,05143,91.9
WHITE,AR,05145,116.9
WOODRUFF,AR,05147,2.7
YELL,AR,05149,57.4
ALAMEDA,CA,06001,26.4
AMADOR,CA,06005,99.4
BUTTE,CA,06007,106.7
CALAVERAS,CA,06009,70
COLUSA,CA,06011,34.8
CONTRA COSTA,CA,06013,36.2
DEL NORTE,CA,06015,119.3
EL DORADO,CA,06017,55.7
FRESNO,CA,06019,52.8
GLENN,CA,06021,75.4
HUMBOLDT,CA,06023,77.8
IMPERIAL,CA,06025,47.6
INYO,CA,06027,50.3
KERN,CA,06029,54.9
KINGS,CA,06031,59.1
LAKE,CA,06033,90
LASSEN,CA,06035,67.2
LOS ANGELES,CA,06037,29.8
MADERA,CA,06039,42.6
MARIN,CA,06041,32.4
MARIPOSA,CA,06043,55.9
MENDOCINO,CA,06045,89.7
MERCED,CA,06047,56.6
MODOC,CA,06049,82.3
MONO,CA,06051,44.6
MONTEREY,CA,06053,43.9
NAPA,CA,06055,35.1
NEVADA,CA,06057,70.7
ORANGE,CA,06059,37
PLACER,CA,06061,56.5
PLUMAS,CA,06063,63.5
RIVERSIDE,CA,06065,44.8
SACRAMENTO,CA,06067,44.3
SAN BENITO,CA,06069,39.7
SAN BERNARDINO,CA,06071,46.7
SAN DIEGO,CA,06073,34.3
SAN FRANCISCO,CA,06075,27.1
SAN JOAQUIN,CA,06077,47.8
SAN LUIS OBISPO,CA,06079,63.4
SAN MATEO,CA,06081,27
SANTA BARBARA,CA,06083,48.7
SANTA CLARA,CA,06085,20.7
SANTA CRUZ,CA,06087,49.1
SHASTA,CA,06089,102.1
SIERRA,CA,06091,12.4
SISKIYOU,CA,06093,97.5
SOLANO,CA,06095,37.7
SONOMA,CA,06097,46
STANISLAUS,CA,06099,76
SUTTER,CA,06101,95.3
TEHAMA,CA,06103,83.2
TRINITY,CA,06105,81.2
TULARE,CA,06107,58.3
TUOLUMNE,CA,06109,101.6
VENTURA,CA,06111,47.8
YOLO,CA,06113,41.1
YUBA,CA,06115,68.9
ADAMS,CO,08001,47.2
ALAMOSA,CO,08003,120.4
ARAPAHOE,CO,08005,50.3
ARCHULETA,CO,08007,66.2
BACA,CO,08009,78.7
BENT,CO,08011,44.1
BOULDER,CO,08013,42.2
BROOMFIELD,CO,08014,46.4
CHAFFEE,CO,08015,84.3
CHEYENNE,CO,08017,63.4
CLEAR CREEK,CO,08019,31
CONEJOS,CO,08021,0.8
CROWLEY,CO,08025,25.1
DELTA,CO,08029,77
DENVER,CO,08031,35.1
DOUGLAS,CO,08035,45.6
EAGLE,CO,08037,41
ELBERT,CO,08039,31.5
EL PASO,CO,08041,60.2
FREMONT,CO,08043,67.3
GARFIELD,CO,08045,64.8
GRAND,CO,08049,37.7
GUNNISON,CO,08051,44.4
HUERFANO,CO,08055,76.6
JEFFERSON,CO,08059,61.6
KIOWA,CO,08061,97.2
KIT CARSON,CO,08063,45.5
LAKE,CO,08065,44.5
LA PLATA,CO,08067,51.8
LARIMER,CO,08069,52.7
LAS ANIMAS,CO,08071,112.8
LINCOLN,CO,08073,40.8
LOGAN,CO,08075,77.2
MESA,CO,08077,72.1
MOFFAT,CO,08081,96.9
MONTEZUMA,CO,08083,77.2
MONTROSE,CO,08085,76.5
MORGAN,CO,08087,60.4
OTERO,CO,08089,97.7
OURAY,CO,08091,26.2
PARK,CO,08093,
PHILLIPS,CO,08095,
PITKIN,CO,08097,22.2
PROWERS,CO,08099,73
PUEBLO,CO,08101,97.7
RIO BLANCO,CO,08103,27.5
RIO GRANDE,CO,08105,74.1
ROUTT,CO,08107,47.8
SAN MIGUEL,CO,08113,29.4
SEDGWICK,CO,08115,0.5
SUMMIT,CO,08117,52.7
TELLER,CO,08119,90.7
WELD,CO,08123,49.9
YUMA,CO,08125,60.7
FAIRFIELD,CT,09001,37.2
HARTFORD,CT,09003,48.9
LITCHFIELD,CT,09005,52
MIDDLESEX,CT,09007,54.5
NEW HAVEN,CT,09009,54.2
NEW LONDON,CT,09011,55
TOLLAND,CT,09013,41.3
WINDHAM,CT,09015,61
KENT,DE,10001,64
NEW CASTLE,DE,10003,65
SUSSEX,DE,10005,80.1
DISTRICT OF COLUMBIA,DC,11001,28.5
ALACHUA,FL,12001,65
BAKER,FL,12003,105.4
BAY,FL,12005,113.2
BRADFORD,FL,12007,85
BREVARD,FL,12009,83.7
BROWARD,FL,12011,45.6
CALHOUN,FL,12013,68.4
CHARLOTTE,FL,12015,74.2
CITRUS,FL,12017,102.4
CLAY,FL,12019,79.9
COLLIER,FL,12021,51.3
COLUMBIA,FL,12023,110.5
DE SOTO,FL,12027,56.5
DIXIE,FL,12029,42.2
DUVAL,FL,12031,82.5
ESCAMBIA,FL,12033,101.2
FLAGLER,FL,12035,74.1
FRANKLIN,FL,12037,67.4
GADSDEN,FL,12039,53.2
GILCHRIST,FL,12041,43.4
GLADES,FL,12043,3.5
GULF,FL,12045,90.9
HAMILTON,FL,12047,30.2
HARDEE,FL,12049,34
HENDRY,FL,12051,65.8
HERNANDO,FL,12053,102.5
HIGHLANDS,FL,12055,74.3
HILLSBOROUGH,FL,12057,60
HOLMES,FL,12059,77.3
INDIAN RIVER,FL,12061,90.5
JACKSON,FL,12063,102.7
JEFFERSON,FL,12065,46.8
LAFAYETTE,FL,12067,50.4
LAKE,FL,12069,74.1
LEE,FL,12071,60.8
LEON,FL,12073,65.7
LEVY,FL,12075,98.2
LIBERTY,FL,12077,38.6
MADISON,FL,12079,74.8
MANATEE,FL,12081,70.1
MARION,FL,12083,84.7
MARTIN,FL,12085,70.3
MIAMI-DADE,FL,12086,28
MONROE,FL,12087,74.3
NASSAU,FL,12089,103.2
OKALOOSA,FL,12091,77.7
OKEECHOBEE,FL,12093,91.9
ORANGE,FL,12095,41.4
OSCEOLA,FL,12097,46.3
PALM BEACH,FL,12099,53.4
PASCO,FL,12101,79.7
PINELLAS,FL,12103,73.8
POLK,FL,12105,68
PUTNAM,FL,12107,100.8
SAINT JOHNS,FL,12109,60.6
SAINT LUCIE,FL,12111,61.1
SANTA ROSA,FL,12113,86.6
SARASOTA,FL,12115,72.9
SEMINOLE,FL,12117,52.5
SUMTER,FL,12119,68.9
SUWANNEE,FL,12121,75.9
TAYLOR,FL,12123,112.8
UNION,FL,12125,51.8
VOLUSIA,FL,12127,73.3
WAKULLA,FL,12129,79
WALTON,FL,12131,83.6
WASHINGTON,FL,12133,105.6
APPLING,GA,13001,115.4
ATKINSON,GA,13003,66.2
BACON,GA,13005,172.4
BALDWIN,GA,13009,90.4
BANKS,GA,13011,29.2
BARROW,GA,13013,74
BARTOW,GA,13015,97.9
BEN HILL,GA,13017,176.9
BERRIEN,GA,13019,52.8
BIBB,GA,13021,119.9
BLECKLEY,GA,13023,121.4
BRANTLEY,GA,13025,49.3
BROOKS,GA,13027,84.4
BRYAN,GA,13029,82.3
BULLOCH,GA,13031,77.7
BURKE,GA,13033,77.1
BUTTS,GA,13035,90.2
CALHOUN,GA,13037,1.3
CAMDEN,GA,13039,66.3
CANDLER,GA,13043,149.1
CARROLL,GA,13045,109.1
CATOOSA,GA,13047,104.2
CHARLTON,GA,13049,90.5
CHATHAM,GA,13051,77.6
CHATTOOGA,GA,13055,119.8
CHEROKEE,GA,13057,64.4
CLARKE,GA,13059,90.9
CLAY,GA,13061,43.5
CLAYTON,GA,13063,39.4
CLINCH,GA,13065,146.7
COBB,GA,13067,54.4
COFFEE,GA,13069,174.1
COLQUITT,GA,13071,84.9
COLUMBIA,GA,13073,72.5
COOK,GA,13075,106.3
COWETA,GA,13077,74.1
CRAWFORD,GA,13079,0.7
CRISP,GA,13081,168
DADE,GA,13083,61.4
DAWSON,GA,13085,142.7
DECATUR,GA,13087,111.8
DEKALB,GA,13089,40.6
DODGE,GA,13091,87.8
DOOLY,GA,13093,0.7
DOUGHERTY,GA,13095,104.8
DOUGLAS,GA,13097,84.7
EARLY,GA,13099,113
EFFINGHAM,GA,13103,72.3
ELBERT,GA,13105,137.4
EMANUEL,GA,13107,109.4
EVANS,GA,13109,115.8
FANNIN,GA,13111,128.5
FAYETTE,GA,13113,79.2
FLOYD,GA,13115,133.8
FORSYTH,GA,13117,47
FRANKLIN,GA,13119,111.3
FULTON,GA,13121,44.2
GILMER,GA,13123,116.1
GLYNN,GA,13127,93.7
GORDON,GA,13129,106.5
GRADY,GA,13131,77.7
GREENE,GA,13133,129
GWINNETT,GA,13135,43.5
HABERSHAM,GA,13137,98.9
HALL,GA,13139,87.1
HANCOCK,GA,13141,43.7
HARALSON,GA,13143,180.2
HARRIS,GA,13145,4.7
HART,GA,13147,100.5
HEARD,GA,13149,0.5
HENRY,GA,13151,70.6
HOUSTON,GA,13153,85.7
IRWIN,GA,13155,50
JACKSON,GA,13157,109.1
JASPER,GA,13159,55.4
JEFF DAVIS,GA,13161,84
JEFFERSON,GA,13163,112.9
JENKINS,GA,13165,27.2
JOHNSON,GA,13167,3
JONES,GA,13169,51.7
LAMAR,GA,13171,61.5
LANIER,GA,13173,68.2
LAURENS,GA,13175,116.8
LEE,GA,13177,46.4
LIBERTY,GA,13179,52.9
LINCOLN,GA,13181,32.9
LONG,GA,13183,0.1
LOWNDES,GA,13185,86
LUMPKIN,GA,13187,73.9
MCDUFFIE,GA,13189,142.9
MCINTOSH,GA,13191,64.8
MACON,GA,13193,67.7
MADISON,GA,13195,91.9
MARION,GA,13197,17.2
MERIWETHER,GA,13199,74.7
MILLER,GA,13201,101.6
MITCHELL,GA,13205,92.9
MONROE,GA,13207,65.6
MONTGOMERY,GA,13209,46.2
MORGAN,GA,13211,77.4
MURRAY,GA,13213,85.1
MUSCOGEE,GA,13215,86.5
NEWTON,GA,13217,75.8
OCONEE,GA,13219,59.4
OGLETHORPE,GA,13221,36.1
PAULDING,GA,13223,53.5
PEACH,GA,13225,79.1
PICKENS,GA,13227,111.5
PIERCE,GA,13229,62.5
PIKE,GA,13231,10.8
POLK,GA,13233,151.6
PULASKI,GA,13235,90.5
PUTNAM,GA,13237,62.3
RABUN,GA,13241,145.8
RANDOLPH,GA,13243,123.5
RICHMOND,GA,13245,77.1
ROCKDALE,GA,13247,73.5
SCHLEY,GA,13249,1.5
SCREVEN,GA,13251,60.2
SEMINOLE,GA,13253,150.1
SPALDING,GA,13255,121.9
STEPHENS,GA,13257,153.4
STEWART,GA,13259,54.6
SUMTER,GA,13261,108.4
TATTNALL,GA,13267,52.9
TAYLOR,GA,13269,88.1
TELFAIR,GA,13271,60.3
TERRELL,GA,13273,41.4
THOMAS,GA,13275,102.8
TIFT,GA,13277,134.1
TOOMBS,GA,13279,128.3
TOWNS,GA,13281,87.6
TREUTLEN,GA,13283,73.6
TROUP,GA,13285,94.2
TURNER,GA,13287,93.7
TWIGGS,GA,13289,0.7
UNION,GA,13291,106
UPSON,GA,13293,137.9
WALKER,GA,13295,46.8
WALTON,GA,13297,100.9
WARE,GA,13299,212.7
WARREN,GA,13301,
WASHINGTON,GA,13303,85.5
WAYNE,GA,13305,136.1
WEBSTER,GA,13307,45.8
WHEELER,GA,13309,2.4
WHITE,GA,13311,92
WHITFIELD,GA,13313,86.6
WILCOX,GA,13315,2.8
WILKES,GA,13317,112.9
WILKINSON,GA,13319,82.3
WORTH,GA,13321,83.6
HAWAII,HI,15001,58.4
HONOLULU,HI,15003,29.4
KAUAI,HI,15007,48.9
MAUI,HI,15009,51.3
ADA,ID,16001,64.5
BANNOCK,ID,16005,93.2
BEAR LAKE,ID,16007,105.2
BENEWAH,ID,16009,69.7
BINGHAM,ID,16011,61.6
BLAINE,ID,16013,44.4
BONNER,ID,16017,56.1
BONNEVILLE,ID,16019,83.6
BOUNDARY,ID,16021,89.5
BUTTE,ID,16023,83.9
CANYON,ID,16027,69.2
CARIBOU,ID,16029,94.1
CASSIA,ID,16031,93.2
CLEARWATER,ID,16035,90.3
CUSTER,ID,16037,26
ELMORE,ID,16039,64.5
FRANKLIN,ID,16041,70
FREMONT,ID,16043,30.4
GEM,ID,16045,101.9
GOODING,ID,16047,50.9
IDAHO,ID,16049,43.3
JEFFERSON,ID,16051,35.8
JEROME,ID,16053,63.1
KOOTENAI,ID,16055,85
LATAH,ID,16057,55.5
LEMHI,ID,16059,91.5
LEWIS,ID,16061,7.4
LINCOLN,ID,16063,13.4
MADISON,ID,16065,50.9
MINIDOKA,ID,16067,29.2
NEZ PERCE,ID,16069,110.3
ONEIDA,ID,16071,95
OWYHEE,ID,16073,30.3
PAYETTE,ID,16075,43.9
POWER,ID,16077,64.9
SHOSHONE,ID,16079,95.5
TETON,ID,16081,49.9
TWIN FALLS,ID,16083,91.9
VALLEY,ID,16085,84.9
WASHINGTON,ID,16087,100.8
ADAMS,IL,17001,120.3
ALEXANDER,IL,17003,
BOND,IL,17005,45.6
BOONE,IL,17007,46.4
BROWN,IL,17009,1.8
BUREAU,IL,17011,26.5
CALHOUN,IL,17013,2
CARROLL,IL,17015,32.4
CASS,IL,17017,20.5
CHAMPAIGN,IL,17019,58.8
CHRISTIAN,IL,17021,72.5
CLARK,IL,17023,22
CLAY,IL,17025,62.9
CLINTON,IL,17027,31.2
COLES,IL,17029,87.6
COOK,IL,17031,37.2
CRAWFORD,IL,17033,26.5
CUMBERLAND,IL,17035,0.6
DEKALB,IL,17037,53.4
DE WITT,IL,17039,76.5
DOUGLAS,IL,17041,29.8
DUPAGE,IL,17043,42.2
EDGAR,IL,17045,76.4
EDWARDS,IL,17047,82.9
EFFINGHAM,IL,17049,65.6
FAYETTE,IL,17051,54.3
FORD,IL,17053,3.5
FRANKLIN,IL,17055,109.5
FULTON,IL,17057,68.7
GALLATIN,IL,17059,0.6
GREENE,IL,17061,2.3
GRUNDY,IL,17063,80.4
HAMILTON,IL,17065,2
HANCOCK,IL,17067,20.1
HARDIN,IL,17069,203.8
HENDERSON,IL,17071,
HENRY,IL,17073,55.3
IROQUOIS,IL,17075,52.1
JACKSON,IL,17077,91.5
JASPER,IL,17079,38.3
JEFFERSON,IL,17081,104.9
JERSEY,IL,17083,109.9
JO DAVIESS,IL,17085,27.5
JOHNSON,IL,17087,25.8
KANE,IL,17089,37.5
KANKAKEE,IL,17091,76.3
KENDALL,IL,17093,47.8
KNOX,IL,17095,96.5
LAKE,IL,17097,47.5
LA SALLE,IL,17099,76.6
LAWRENCE,IL,17101,76.6
LEE,IL,17103,58.9
LIVINGSTON,IL,17105,71.3
LOGAN,IL,17107,68.1
MCDONOUGH,IL,17109,77.4
MCHENRY,IL,17111,56.8
MCLEAN,IL,17113,52.7
MACON,IL,17115,86.5
MACOUPIN,IL,17117,33.5
MADISON,IL,17119,97.2
MARION,IL,17121,117.7
MARSHALL,IL,17123,48.3
MASON,IL,17125,55.2
MASSAC,IL,17127,136.4
MENARD,IL,17129,25.3
MERCER,IL,17131,18
MONROE,IL,17133,71.4
MONTGOMERY,IL,17135,106.1
MORGAN,IL,17137,114.3
MOULTRIE,IL,17139,30.8
OGLE,IL,17141,22.5
PEORIA,IL,17143,69.2
PERRY,IL,17145,48.5
PIATT,IL,17147,27.5
PIKE,IL,17149,25.6
POPE,IL,17151,37.2
PULASKI,IL,17153,68.3
PUTNAM,IL,17155,24.7
RANDOLPH,IL,17157,63.9
RICHLAND,IL,17159,79.6
ROCK ISLAND,IL,17161,75.9
SAINT CLAIR,IL,17163,69
SALINE,IL,17165,192.8
SANGAMON,IL,17167,85.4
SCHUYLER,IL,17169,1.4
SCOTT,IL,17171,
SHELBY,IL,17173,30.1
STEPHENSON,IL,17177,73.2
TAZEWELL,IL,17179,81.8
UNION,IL,17181,142.7
VERMILION,IL,17183,85.1
WABASH,IL,17185,91
WARREN,IL,17187,69.8
WASHINGTON,IL,17189,28.8
WAYNE,IL,17191,72.5
WHITE,IL,17193,91.9
WHITESIDE,IL,17195,54
WILL,IL,17197,50
WILLIAMSON,IL,17199,134.3
WINNEBAGO,IL,17201,86
WOODFORD,IL,17203,27.4
ADAMS,IN,18001,56.9
ALLEN,IN,18003,66.8
BARTHOLOMEW,IN,18005,81.4
BENTON,IN,18007,20.1
BLACKFORD,IN,18009,71.5
BOONE,IN,18011,56.5
BROWN,IN,18013,32.9
CARROLL,IN,18015,23
CASS,IN,18017,60.5
CLARK,IN,18019,90.9
CLAY,IN,18021,83.5
CLINTON,IN,18023,61.2
CRAWFORD,IN,18025,45.3
DAVIESS,IN,18027,71.8
DEARBORN,IN,18029,80.5
DECATUR,IN,18031,58.2
DE KALB,IN,18033,56.8
DELAWARE,IN,18035,88
DUBOIS,IN,18037,90.5
ELKHART,IN,18039,61.8
FAYETTE,IN,18041,103.4
FLOYD,IN,18043,115.9
FOUNTAIN,IN,18045,97.8
FRANKLIN,IN,18047,44.3
FULTON,IN,18049,83.6
GIBSON,IN,18051,80.8
GRANT,IN,18053,91.4
GREENE,IN,18055,75.4
HAMILTON,IN,18057,46.9
HANCOCK,IN,18059,67.5
HARRISON,IN,18061,89.2
HENDRICKS,IN,18063,65
HENRY,IN,18065,86.3
HOWARD,IN,18067,113.4
HUNTINGTON,IN,18069,69.3
JACKSON,IN,18071,73.9
JASPER,IN,18073,113.9
JAY,IN,18075,79.1
JEFFERSON,IN,18077,99
JENNINGS,IN,18079,86
JOHNSON,IN,18081,75.8
KNOX,IN,18083,113.1
KOSCIUSKO,IN,18085,64.2
LAGRANGE,IN,18087,20.6
LAKE,IN,18089,74.9
LA PORTE,IN,18091,89.1
LAWRENCE,IN,18093,113.6
MADISON,IN,18095,98.9
MARION,IN,18097,65.3
MARSHALL,IN,18099,79.6
MARTIN,IN,18101,88.2
MIAMI,IN,18103,58.7
MONROE,IN,18105,63.9
MONTGOMERY,IN,18107,92
MORGAN,IN,18109,101.3
NEWTON,IN,18111,21
NOBLE,IN,18113,68.5
OHIO,IN,18115,3.6
ORANGE,IN,18117,86.7
OWEN,IN,18119,66.5
PARKE,IN,18121,33.7
PERRY,IN,18123,92.7
PIKE,IN,18125,79.1
PORTER,IN,18127,83.2
POSEY,IN,18129,48.7
PULASKI,IN,18131,56.5
PUTNAM,IN,18133,55.1
RANDOLPH,IN,18135,67.6
RIPLEY,IN,18137,99.6
RUSH,IN,18139,68.7
SAINT JOSEPH,IN,18141,71.8
SCOTT,IN,18143,124.4
SHELBY,IN,18145,70.1
SPENCER,IN,18147,27.2
STARKE,IN,18149,104.5
STEUBEN,IN,18151,74
SULLIVAN,IN,18153,75.8
SWITZERLAND,IN,18155,39.7
TIPPECANOE,IN,18157,63.7
TIPTON,IN,18159,47.4
UNION,IN,18161,43.9
VANDERBURGH,IN,18163,121.5
VERMILLION,IN,18165,78.5
VIGO,IN,18167,95
WABASH,IN,18169,84.6
WARRICK,IN,18173,75.7
WASHINGTON,IN,18175,70.9
WAYNE,IN,18177,82.8
WELLS,IN,18179,67.1
WHITE,IN,18181,72.3
WHITLEY,IN,18183,78.1
ADAIR,IA,19001,42.1
ADAMS,IA,19003,67.6
ALLAMAKEE,IA,19005,30.7
APPANOOSE,IA,19007,103.5
AUDUBON,IA,19009,55
BENTON,IA,19011,10.8
BLACK HAWK,IA,19013,63.5
BOONE,IA,19015,56.6
BREMER,IA,19017,43.2
BUCHANAN,IA,19019,32.2
BUENA VISTA,IA,19021,37.4
BUTLER,IA,19023,17.1
CALHOUN,IA,19025,67.4
CARROLL,IA,19027,87.8
CASS,IA,19029,90.2
CEDAR,IA,19031,17.3
CERRO GORDO,IA,19033,82.3
CHEROKEE,IA,19035,38.6
CHICKASAW,IA,19037,22.7
CLARKE,IA,19039,94.7
CLAY,IA,19041,100.2
CLAYTON,IA,19043,20.3
CLINTON,IA,19045,71.9
CRAWFORD,IA,19047,58.3
DALLAS,IA,19049,19.7
DAVIS,IA,19051,53.6
DECATUR,IA,19053,54.2
DELAWARE,IA,19055,39.6
DES MOINES,IA,19057,85.2
DICKINSON,IA,19059,76.2
DUBUQUE,IA,19061,51.4
EMMET,IA,19063,52
FAYETTE,IA,19065,60.4
FLOYD,IA,19067,53
FRANKLIN,IA,19069,1.1
FREMONT,IA,19071,34.8
GREENE,IA,19073,86.9
GRUNDY,IA,19075,35.5
GUTHRIE,IA,19077,9
HAMILTON,IA,19079,55.9
HANCOCK,IA,19081,0.1
HARDIN,IA,19083,52.6
HARRISON,IA,19085,60.6
HENRY,IA,19087,65.3
HOWARD,IA,19089,28
HUMBOLDT,IA,19091,52.4
IDA,IA,19093,65.5
IOWA,IA,19095,28.8
JACKSON,IA,19097,31.5
JASPER,IA,19099,60.2
JEFFERSON,IA,19101,81.5
JOHNSON,IA,19103,28.7
JONES,IA,19105,37
KOSSUTH,IA,19109,34.4
LEE,IA,19111,110.2
LINN,IA,19113,56.5
LOUISA,IA,19115,18.8
LUCAS,IA,19117,86.4
LYON,IA,19119,24.6
MADISON,IA,19121,76.2
MAHASKA,IA,19123,69.9
MARION,IA,19125,56.9
MARSHALL,IA,19127,67.6
MILLS,IA,19129,49.2
MITCHELL,IA,19131,21.6
MONONA,IA,19133,86.6
MONROE,IA,19135,76.5
MONTGOMERY,IA,19137,83.8
MUSCATINE,IA,19139,56
OBRIEN,IA,19141,59.9
OSCEOLA,IA,19143,33.9
PAGE,IA,19145,100.7
PALO ALTO,IA,19147,34.1
PLYMOUTH,IA,19149,42
POCAHONTAS,IA,19151,58
POLK,IA,19153,70.1
POTTAWATTAMIE,IA,19155,80.3
POWESHIEK,IA,19157,51.2
RINGGOLD,IA,19159,62.3
SAC,IA,19161,15.6
SCOTT,IA,19163,64.3
SHELBY,IA,19165,53.3
SIOUX,IA,19167,22.7
STORY,IA,19169,37.6
TAMA,IA,19171,27.2
TAYLOR,IA,19173,14.5
UNION,IA,19175,115.6
VAN BUREN,IA,19177,0.4
WAPELLO,IA,19179,99.7
WARREN,IA,19181,38.4
WASHINGTON,IA,19183,41
WAYNE,IA,19185,65.3
WEBSTER,IA,19187,75.9
WINNEBAGO,IA,19189,51.2
WINNESHIEK,IA,19191,44
WOODBURY,IA,19193,65.6
WORTH,IA,19195,0.7
WRIGHT,IA,19197,38.5
ALLEN,KS,20001,96.8
ANDERSON,KS,20003,0.8
ATCHISON,KS,20005,95.1
BARBER,KS,20007,3
BARTON,KS,20009,99.3
BOURBON,KS,20011,105.6
BROWN,KS,20013,46.5
BUTLER,KS,20015,88.9
CHAUTAUQUA,KS,20019,9
CHEROKEE,KS,20021,36.3
CHEYENNE,KS,20023,104.3
CLARK,KS,20025,0.8
CLAY,KS,20027,78.2
CLOUD,KS,20029,38.6
COFFEY,KS,20031,3.1
COMANCHE,KS,20033,0.6
COWLEY,KS,20035,91.7
CRAWFORD,KS,20037,93.5
DECATUR,KS,20039,59.8
DICKINSON,KS,20041,1.7
DOUGLAS,KS,20045,59.1
EDWARDS,KS,20047,64.2
ELK,KS,20049,3
ELLIS,KS,20051,95.9
ELLSWORTH,KS,20053,67.1
FINNEY,KS,20055,67.2
FORD,KS,20057,67.4
FRANKLIN,KS,20059,94.7
GEARY,KS,20061,56.5
GOVE,KS,20063,49.1
GRAHAM,KS,20065,118.5
GRANT,KS,20067,45.3
GRAY,KS,20069,19.6
GREELEY,KS,20071,95.1
GREENWOOD,KS,20073,1.2
HAMILTON,KS,20075,37.7
HARPER,KS,20077,70.7
HARVEY,KS,20079,80.9
HASKELL,KS,20081,2.3
HODGEMAN,KS,20083,0.7
JACKSON,KS,20085,46
JEFFERSON,KS,20087,0.8
JEWELL,KS,20089,0.4
JOHNSON,KS,20091,59.1
KEARNY,KS,20093,40.4
KIOWA,KS,20097,75.5
LABETTE,KS,20099,100.2
LANE,KS,20101,75.5
LEAVENWORTH,KS,20103,39.8
LINCOLN,KS,20105,0.5
LINN,KS,20107,3.8
LOGAN,KS,20109,65.9
LYON,KS,20111,71
MCPHERSON,KS,20113,75.9
MARION,KS,20115,29.9
MARSHALL,KS,20117,31.7
MEADE,KS,20119,0.9
MIAMI,KS,20121,42.3
MITCHELL,KS,20123,86.3
MONTGOMERY,KS,20125,115.7
MORRIS,KS,20127,1.7
MORTON,KS,20129,115.6
NEMAHA,KS,20131,26.5
NEOSHO,KS,20133,45.6
NESS,KS,20135,103.7
NORTON,KS,20137,85.2
OSAGE,KS,20139,1.9
OSBORNE,KS,20141,148.7
OTTAWA,KS,20143,0.8
PAWNEE,KS,20145,45.9
PHILLIPS,KS,20147,2.5
POTTAWATOMIE,KS,20149,0.7
PRATT,KS,20151,159.9
RAWLINS,KS,20153,0.6
RENO,KS,20155,97.5
REPUBLIC,KS,20157,2.4
RICE,KS,20159,39.7
RILEY,KS,20161,62.5
ROOKS,KS,20163,2.4
RUSH,KS,20165,46.2
RUSSELL,KS,20167,2.5
SALINE,KS,20169,125
SCOTT,KS,20171,90.4
SEDGWICK,KS,20173,93.1
SEWARD,KS,20175,99.5
SHAWNEE,KS,20177,90.9
SHERIDAN,KS,20179,1.3
SHERMAN,KS,20181,78.8
SMITH,KS,20183,116
STANTON,KS,20187,88.4
STEVENS,KS,20189,22
SUMNER,KS,20191,65.9
THOMAS,KS,20193,83.9
TREGO,KS,20195,130.7
WALLACE,KS,20199,40.6
WASHINGTON,KS,20201,84.4
WILSON,KS,20205,72
WOODSON,KS,20207,0.8
WYANDOTTE,KS,20209,60.9
ADAIR,KY,21001,99.1
ALLEN,KY,21003,79.9
ANDERSON,KY,21005,78.2
BALLARD,KY,21007,80.6
BARREN,KY,21009,115
BATH,KY,21011,47.9
BELL,KY,21013,228.4
BOONE,KY,21015,80.3
BOURBON,KY,21017,90.8
BOYD,KY,21019,78.6
BOYLE,KY,21021,93.8
BRACKEN,KY,21023,16.6
BREATHITT,KY,21025,173.5
BRECKINRIDGE,KY,21027,36.2
BULLITT,KY,21029,63.1
BUTLER,KY,21031,72.7
CALDWELL,KY,21033,124
CALLOWAY,KY,21035,86.7
CAMPBELL,KY,21037,76.8
CARLISLE,KY,21039,65.3
CARROLL,KY,21041,137.9
CARTER,KY,21043,65.5
CASEY,KY,21045,86.1
CHRISTIAN,KY,21047,56.2
CLARK,KY,21049,90.5
CLAY,KY,21051,187.4
CLINTON,KY,21053,131.6
CRITTENDEN,KY,21055,100.7
CUMBERLAND,KY,21057,148.6
DAVIESS,KY,21059,91.4
EDMONSON,KY,21061,61.5
ELLIOTT,KY,21063,33.9
ESTILL,KY,21065,132.1
FAYETTE,KY,21067,55.6
FLEMING,KY,21069,61.1
FLOYD,KY,21071,215.9
FRANKLIN,KY,21073,81.9
FULTON,KY,21075,157.7
GALLATIN,KY,21077,37.5
GARRARD,KY,21079,41.9
GRANT,KY,21081,100.6
GRAVES,KY,21083,87.9
GRAYSON,KY,21085,122
GREEN,KY,21087,57.4
GREENUP,KY,21089,60
HANCOCK,KY,21091,24.3
HARDIN,KY,21093,80.9
HARLAN,KY,21095,120.8
HARRISON,KY,21097,78.4
HART,KY,21099,57.3
HENDERSON,KY,21101,127
HENRY,KY,21103,54.9
HICKMAN,KY,21105,53.9
HOPKINS,KY,21107,121.4
JACKSON,KY,21109,51.1
JEFFERSON,KY,21111,76.5
JESSAMINE,KY,21113,78.9
JOHNSON,KY,21115,168.1
KENTON,KY,21117,66.4
KNOTT,KY,21119,81.5
KNOX,KY,21121,82.1
LARUE,KY,21123,78.4
LAUREL,KY,21125,89.4
LAWRENCE,KY,21127,90.1
LEE,KY,21129,132.3
LESLIE,KY,21131,177.5
LETCHER,KY,21133,126.7
LEWIS,KY,21135,18.7
LINCOLN,KY,21137,62.9
LIVINGSTON,KY,21139,5.3
LOGAN,KY,21141,102.3
LYON,KY,21143,106.9
MCCRACKEN,KY,21145,162.4
MCCREARY,KY,21147,120.9
MCLEAN,KY,21149,81.5
MADISON,KY,21151,74.9
MAGOFFIN,KY,21153,135.7
MARION,KY,21155,97.2
MARSHALL,KY,21157,101.5
MARTIN,KY,21159,133.8
MASON,KY,21161,95
MEADE,KY,21163,53.2
MENIFEE,KY,21165,37.8
MERCER,KY,21167,81.4
METCALFE,KY,21169,67
MONROE,KY,21171,104.1
MONTGOMERY,KY,21173,130.7
MORGAN,KY,21175,82.3
MUHLENBERG,KY,21177,97.9
NELSON,KY,21179,85.2
NICHOLAS,KY,21181,28.8
OHIO,KY,21183,99.5
OLDHAM,KY,21185,52
OWEN,KY,21187,36.5
OWSLEY,KY,21189,229.3
PENDLETON,KY,21191,46.8
PERRY,KY,21193,198.7
PIKE,KY,21195,191.4
POWELL,KY,21197,141
PULASKI,KY,21199,83.4
ROCKCASTLE,KY,21203,69.4
ROWAN,KY,21205,96.9
RUSSELL,KY,21207,110.7
SCOTT,KY,21209,70.9
SHELBY,KY,21211,61.8
SIMPSON,KY,21213,90.1
SPENCER,KY,21215,38.2
TAYLOR,KY,21217,92.5
TODD,KY,21219,5
TRIGG,KY,21221,65.9
TRIMBLE,KY,21223,52.8
UNION,KY,21225,113.7
WARREN,KY,21227,83.5
WASHINGTON,KY,21229,40
WAYNE,KY,21231,113.5
WEBSTER,KY,21233,82.1
WHITLEY,KY,21235,220.9
WOLFE,KY,21237,122.7
WOODFORD,KY,21239,59.3
ACADIA,LA,22001,72.1
ALLEN,LA,22003,83.4
ASCENSION,LA,22005,85.1
ASSUMPTION,LA,22007,29.2
AVOYELLES,LA,22009,112.9
BEAUREGARD,LA,22011,71.1
BIENVILLE,LA,22013,60.4
BOSSIER,LA,22015,89.1
CADDO,LA,22017,105.6
CALCASIEU,LA,22019,97.3
CALDWELL,LA,22021,46.7
CATAHOULA,LA,22025,100.2
CLAIBORNE,LA,22027,94.9
CONCORDIA,LA,22029,91.5
DE SOTO,LA,22031,66.1
EAST BATON ROUGE,LA,22033,81.7
EAST CARROLL,LA,22035,92.8
EAST FELICIANA,LA,22037,41
EVANGELINE,LA,22039,171.3
FRANKLIN,LA,22041,110.8
GRANT,LA,22043,44.6
IBERIA,LA,22045,88.2
IBERVILLE,LA,22047,73.3
JACKSON,LA,22049,73.2
JEFFERSON,LA,22051,95.7
JEFFERSON DAVIS,LA,22053,88.4
LAFAYETTE,LA,22055,86.6
LAFOURCHE,LA,22057,86.7
LA SALLE,LA,22059,105.9
LINCOLN,LA,22061,81.1
LIVINGSTON,LA,22063,93.8
MADISON,LA,22065,1.5
MOREHOUSE,LA,22067,111.9
NATCHITOCHES,LA,22069,76.5
ORLEANS,LA,22071,59.8
OUACHITA,LA,22073,102.7
PLAQUEMINES,LA,22075,38.6
POINTE COUPEE,LA,22077,84.5
RAPIDES,LA,22079,133.3
RED RIVER,LA,22081,105.7
RICHLAND,LA,22083,140.8
SABINE,LA,22085,71.6
SAINT BERNARD,LA,22087,114.7
SAINT CHARLES,LA,22089,67.8
SAINT HELENA,LA,22091,75.6
SAINT JAMES,LA,22093,77.6
ST JOHN THE BAPTIST,LA,22095,92.8
SAINT LANDRY,LA,22097,137.2
SAINT MARTIN,LA,22099,70.3
SAINT MARY,LA,22101,98
SAINT TAMMANY,LA,22103,92
TANGIPAHOA,LA,22105,115.4
TENSAS,LA,22107,64.1
TERREBONNE,LA,22109,90.9
UNION,LA,22111,83.2
VERMILION,LA,22113,61.4
VERNON,LA,22115,70.3
WASHINGTON,LA,22117,125.8
WEBSTER,LA,22119,107.1
WEST BATON ROUGE,LA,22121,87.7
WEST CARROLL,LA,22123,51.9
WEST FELICIANA,LA,22125,43
WINN,LA,22127,98.1
ANDROSCOGGIN,ME,23001,58.9
AROOSTOOK,ME,23003,63.5
CUMBERLAND,ME,23005,44.3
FRANKLIN,ME,23007,49.4
HANCOCK,ME,23009,53
KENNEBEC,ME,23011,83.9
KNOX,ME,23013,55.1
LINCOLN,ME,23015,37.8
OXFORD,ME,23017,61.2
PENOBSCOT,ME,23019,60
PISCATAQUIS,ME,23021,63.4
SAGADAHOC,ME,23023,50
SOMERSET,ME,23025,61.9
WALDO,ME,23027,38.6
WASHINGTON,ME,23029,58.5
YORK,ME,23031,52.9
ALLEGANY,MD,24001,109.9
ANNE ARUNDEL,MD,24003,61.4
BALTIMORE,MD,24005,63.5
CALVERT,MD,24009,78.5
CAROLINE,MD,24011,40.8
CARROLL,MD,24013,64.5
CECIL,MD,24015,64.1
CHARLES,MD,24017,71.3
DORCHESTER,MD,24019,67.9
FREDERICK,MD,24021,61.4
GARRETT,MD,24023,77.6
HARFORD,MD,24025,64.6
HOWARD,MD,24027,31.5
KENT,MD,24029,96.6
MONTGOMERY,MD,24031,29.9
PRINCE GEORGE’S,MD,24033,34.2
QUEEN ANNE’S,MD,24035,57.8
SAINT MARYS,MD,24037,56.9
SOMERSET,MD,24039,42.2
TALBOT,MD,24041,96.3
WASHINGTON,MD,24043,100.2
WICOMICO,MD,24045,66.3
WORCESTER,MD,24047,63
BALTIMORE CITY,MD,24510,48.5
BARNSTABLE,MA,25001,50.9
BERKSHIRE,MA,25003,51.8
BRISTOL,MA,25005,62.1
DUKES,MA,25007,47.9
ESSEX,MA,25009,39.4
FRANKLIN,MA,25011,46.3
HAMPDEN,MA,25013,57.7
HAMPSHIRE,MA,25015,48.8
MIDDLESEX,MA,25017,28.8
NANTUCKET,MA,25019,31.1
NORFOLK,MA,25021,35.6
PLYMOUTH,MA,25023,45.6
SUFFOLK,MA,25025,26.8
WORCESTER,MA,25027,43.9
ALCONA,MI,26001,13.2
ALGER,MI,26003,71.9
ALLEGAN,MI,26005,40.6
ALPENA,MI,26007,113.1
ANTRIM,MI,26009,39.8
ARENAC,MI,26011,93.2
BARAGA,MI,26013,72.9
BARRY,MI,26015,55.2
BAY,MI,26017,86.6
BENZIE,MI,26019,55.7
BERRIEN,MI,26021,84.4
BRANCH,MI,26023,71
CALHOUN,MI,26025,101.4
CASS,MI,26027,35.8
CHARLEVOIX,MI,26029,74
CHEBOYGAN,MI,26031,105.8
CHIPPEWA,MI,26033,56.1
CLARE,MI,26035,110
CLINTON,MI,26037,35
CRAWFORD,MI,26039,101.9
DELTA,MI,26041,87.6
DICKINSON,MI,26043,87.5
EATON,MI,26045,85.7
EMMET,MI,26047,110.5
GENESEE,MI,26049,102
GLADWIN,MI,26051,89
GOGEBIC,MI,26053,89.8
GRAND TRAVERSE,MI,26055,96.2
GRATIOT,MI,26057,70.2
HILLSDALE,MI,26059,61.3
HOUGHTON,MI,26061,39.2
HURON,MI,26063,62.6
INGHAM,MI,26065,63.7
IONIA,MI,26067,63
IOSCO,MI,26069,134.2
IRON,MI,26071,76.9
ISABELLA,MI,26073,61.6
JACKSON,MI,26075,73.9
KALAMAZOO,MI,26077,63.3
KALKASKA,MI,26079,91.8
KENT,MI,26081,67.7
LAKE,MI,26085,29
LAPEER,MI,26087,68
LEELANAU,MI,26089,18.5
LENAWEE,MI,26091,81.7
LIVINGSTON,MI,26093,52.8
LUCE,MI,26095,111.5
MACKINAC,MI,26097,68.4
MACOMB,MI,26099,86.3
MANISTEE,MI,26101,87.2
MARQUETTE,MI,26103,75.5
MASON,MI,26105,117.7
MECOSTA,MI,26107,82.1
MENOMINEE,MI,26109,32.9
MIDLAND,MI,26111,73.6
MISSAUKEE,MI,26113,30.4
MONROE,MI,26115,78.4
MONTCALM,MI,26117,103.2
MONTMORENCY,MI,26119,60.6
MUSKEGON,MI,26121,111.4
NEWAYGO,MI,26123,101.2
OAKLAND,MI,26125,64
OCEANA,MI,26127,60.7
OGEMAW,MI,26129,128.1
ONTONAGON,MI,26131,29.6
OSCEOLA,MI,26133,63.2
OSCODA,MI,26135,80.7
OTSEGO,MI,26137,143.2
OTTAWA,MI,26139,52.8
PRESQUE ISLE,MI,26141,49.1
ROSCOMMON,MI,26143,127.3
SAGINAW,MI,26145,78.1
SAINT CLAIR,MI,26147,87.7
SAINT JOSEPH,MI,26149,93.6
SANILAC,MI,26151,39.8
SCHOOLCRAFT,MI,26153,95.3
SHIAWASSEE,MI,26155,84.8
TUSCOLA,MI,26157,64.2
VAN BUREN,MI,26159,94.1
WASHTENAW,MI,26161,38.4
WAYNE,MI,26163,77.4
WEXFORD,MI,26165,123
AITKIN,MN,27001,68
ANOKA,MN,27003,44.9
BECKER,MN,27005,37.5
BELTRAMI,MN,27007,46.4
BENTON,MN,27009,33.1
BIG STONE,MN,27011,83.4
BLUE EARTH,MN,27013,58.5
BROWN,MN,27015,48.9
CARLTON,MN,27017,54.6
CARVER,MN,27019,35.6
CASS,MN,27021,24.7
CHIPPEWA,MN,27023,62.8
CHISAGO,MN,27025,30.9
CLAY,MN,27027,44.8
CLEARWATER,MN,27029,57.7
COOK,MN,27031,34
COTTONWOOD,MN,27033,77.8
CROW WING,MN,27035,52.1
DAKOTA,MN,27037,43
DODGE,MN,27039,13.8
DOUGLAS,MN,27041,79.9
FARIBAULT,MN,27043,46.7
FILLMORE,MN,27045,29.2
FREEBORN,MN,27047,35.2
GOODHUE,MN,27049,41.7
GRANT,MN,27051,33.1
HENNEPIN,MN,27053,33.5
HOUSTON,MN,27055,21.7
HUBBARD,MN,27057,48.8
ISANTI,MN,27059,47.6
ITASCA,MN,27061,54.7
JACKSON,MN,27063,24.1
KANABEC,MN,27065,71.3
KANDIYOHI,MN,27067,58.9
KITTSON,MN,27069,37.6
KOOCHICHING,MN,27071,51.4
LAC QUI PARLE,MN,27073,58.4
LAKE,MN,27075,24.3
LAKE OF THE WOODS,MN,27077,63.5
LE SUEUR,MN,27079,9.4
LINCOLN,MN,27081,38.7
LYON,MN,27083,43.5
MCLEOD,MN,27085,63.1
MAHNOMEN,MN,27087,30.6
MARSHALL,MN,27089,21.1
MARTIN,MN,27091,66.1
MEEKER,MN,27093,26
MILLE LACS,MN,27095,62.4
MORRISON,MN,27097,57
MOWER,MN,27099,34.7
MURRAY,MN,27101,35.4
NICOLLET,MN,27103,19
NOBLES,MN,27105,34.5
NORMAN,MN,27107,21.7
OLMSTED,MN,27109,27.3
OTTER TAIL,MN,27111,48.5
PENNINGTON,MN,27113,68.6
PINE,MN,27115,53.9
PIPESTONE,MN,27117,73.2
POLK,MN,27119,55.8
POPE,MN,27121,59
RAMSEY,MN,27123,36
RED LAKE,MN,27125,27.5
REDWOOD,MN,27127,41
RENVILLE,MN,27129,28.6
RICE,MN,27131,43.1
ROCK,MN,27133,54.1
ROSEAU,MN,27135,59.4
SAINT LOUIS,MN,27137,54.4
SCOTT,MN,27139,33.3
SHERBURNE,MN,27141,36.3
SIBLEY,MN,27143,23.4
STEARNS,MN,27145,48.2
STEELE,MN,27147,41.5
STEVENS,MN,27149,49.7
SWIFT,MN,27151,46.7
TODD,MN,27153,23.1
TRAVERSE,MN,27155,38.5
WABASHA,MN,27157,8.3
WADENA,MN,27159,124.5
WASECA,MN,27161,47.8
WASHINGTON,MN,27163,47.8
WATONWAN,MN,27165,46.4
WILKIN,MN,27167,53.4
WINONA,MN,27169,39.9
WRIGHT,MN,27171,46.6
YELLOW MEDICINE,MN,27173,34.8
ADAMS,MS,28001,124.1
ALCORN,MS,28003,161.5
AMITE,MS,28005,41.8
ATTALA,MS,28007,103.6
BENTON,MS,28009,59.8
BOLIVAR,MS,28011,76.8
CALHOUN,MS,28013,70.8
CARROLL,MS,28015,0.6
CHICKASAW,MS,28017,85.3
CHOCTAW,MS,28019,53.6
CLAIBORNE,MS,28021,62.4
CLARKE,MS,28023,100.3
CLAY,MS,28025,103.6
COAHOMA,MS,28027,115.1
COPIAH,MS,28029,89.2
COVINGTON,MS,28031,105.3
DESOTO,MS,28033,90.7
FORREST,MS,28035,183.3
FRANKLIN,MS,28037,60.3
GEORGE,MS,28039,130.5
GREENE,MS,28041,53.2
GRENADA,MS,28043,160.6
HANCOCK,MS,28045,81.5
HARRISON,MS,28047,108.2
HINDS,MS,28049,62.2
HOLMES,MS,28051,61
HUMPHREYS,MS,28053,52.7
ITAWAMBA,MS,28057,100
JACKSON,MS,28059,86.4
JASPER,MS,28061,35.8
JEFFERSON,MS,28063,0.3
JEFFERSON DAVIS,MS,28065,111.5
JONES,MS,28067,137.6
KEMPER,MS,28069,34.1
LAFAYETTE,MS,28071,62
LAMAR,MS,28073,33.3
LAUDERDALE,MS,28075,141.4
LAWRENCE,MS,28077,109.3
LEAKE,MS,28079,86.4
LEE,MS,28081,112.6
LEFLORE,MS,28083,103.9
LINCOLN,MS,28085,100.3
LOWNDES,MS,28087,100.3
MADISON,MS,28089,61.9
MARION,MS,28091,166.5
MARSHALL,MS,28093,47.4
MONROE,MS,28095,95
MONTGOMERY,MS,28097,86
NESHOBA,MS,28099,126.4
NEWTON,MS,28101,63.4
NOXUBEE,MS,28103,87.4
OKTIBBEHA,MS,28105,64.9
PANOLA,MS,28107,93.3
PEARL RIVER,MS,28109,113.5
PERRY,MS,28111,65.4
PIKE,MS,28113,130.6
PONTOTOC,MS,28115,85
PRENTISS,MS,28117,87.7
QUITMAN,MS,28119,72.2
RANKIN,MS,28121,92.6
SCOTT,MS,28123,87.1
SHARKEY,MS,28125,81.7
SIMPSON,MS,28127,94.8
SMITH,MS,28129,42.1
STONE,MS,28131,134.3
SUNFLOWER,MS,28133,47
TALLAHATCHIE,MS,28135,31.9
TATE,MS,28137,111.2
TIPPAH,MS,28139,92.8
TISHOMINGO,MS,28141,133.7
TUNICA,MS,28143,31.2
UNION,MS,28145,99.6
WALTHALL,MS,28147,64.2
WARREN,MS,28149,93.7
WASHINGTON,MS,28151,92.4
WAYNE,MS,28153,122.2
WEBSTER,MS,28155,141.9
WILKINSON,MS,28157,74.2
WINSTON,MS,28159,93.4
YALOBUSHA,MS,28161,44.5
YAZOO,MS,28163,59.3
ADAIR,MO,29001,103.8
ANDREW,MO,29003,0.4
ATCHISON,MO,29005,93.2
AUDRAIN,MO,29007,62.4
BARRY,MO,29009,108.1
BARTON,MO,29011,106
BATES,MO,29013,45.9
BENTON,MO,29015,97.3
BOLLINGER,MO,29017,36
BOONE,MO,29019,40.9
BUCHANAN,MO,29021,95.6
BUTLER,MO,29023,159.7
CALDWELL,MO,29025,1.8
CALLAWAY,MO,29027,38.7
CAMDEN,MO,29029,93
CAPE GIRARDEAU,MO,29031,103
CARROLL,MO,29033,81.7
CARTER,MO,29035,0.4
CASS,MO,29037,95.1
CEDAR,MO,29039,63.5
CHARITON,MO,29041,33
CHRISTIAN,MO,29043,65.7
CLARK,MO,29045,73.2
CLAY,MO,29047,78
CLINTON,MO,29049,57.5
COLE,MO,29051,85.4
COOPER,MO,29053,35.9
CRAWFORD,MO,29055,82
DADE,MO,29057,29.9
DALLAS,MO,29059,31.9
DAVIESS,MO,29061,29
DENT,MO,29065,85.3
DOUGLAS,MO,29067,79.3
DUNKLIN,MO,29069,157.9
FRANKLIN,MO,29071,88.1
GASCONADE,MO,29073,71.2
GENTRY,MO,29075,52.9
GREENE,MO,29077,97.7
GRUNDY,MO,29079,98.1
HARRISON,MO,29081,114.9
HENRY,MO,29083,130.6
HICKORY,MO,29085,1.6
HOWARD,MO,29089,0.2
HOWELL,MO,29091,151.3
IRON,MO,29093,130.6
JACKSON,MO,29095,68.6
JASPER,MO,29097,125.8
JEFFERSON,MO,29099,72.8
JOHNSON,MO,29101,49
KNOX,MO,29103,1.2
LACLEDE,MO,29105,97.1
LAFAYETTE,MO,29107,44.3
LAWRENCE,MO,29109,46.1
LEWIS,MO,29111,3.4
LINCOLN,MO,29113,66.5
LINN,MO,29115,38.7
LIVINGSTON,MO,29117,93.9
MCDONALD,MO,29119,38.6
MACON,MO,29121,74.6
MADISON,MO,29123,122.9
MARIES,MO,29125,
MARION,MO,29127,107.7
MERCER,MO,29129,50.5
MILLER,MO,29131,55.4
MISSISSIPPI,MO,29133,37.6
MONITEAU,MO,29135,0.4
MONROE,MO,29137,1.3
MONTGOMERY,MO,29139,43.5
MORGAN,MO,29141,26.8
NEW MADRID,MO,29143,64.5
NEWTON,MO,29145,50.3
NODAWAY,MO,29147,69.9
OREGON,MO,29149,53.1
OSAGE,MO,29151,22.4
OZARK,MO,29153,47.4
PEMISCOT,MO,29155,97.1
PERRY,MO,29157,56.8
PETTIS,MO,29159,69.4
PHELPS,MO,29161,80.8
PIKE,MO,29163,82
PLATTE,MO,29165,59
POLK,MO,29167,87.8
PULASKI,MO,29169,33.8
PUTNAM,MO,29171,31.8
RANDOLPH,MO,29175,107.7
RAY,MO,29177,70.7
REYNOLDS,MO,29179,1.1
RIPLEY,MO,29181,128
SAINT CHARLES,MO,29183,67.2
SAINT CLAIR,MO,29185,26.7
SAINTE GENEVIEVE,MO,29186,42.7
SAINT FRANCOIS,MO,29187,155.4
SAINT LOUIS,MO,29189,63.4
SALINE,MO,29195,79.6
SCHUYLER,MO,29197,1.1
SCOTLAND,MO,29199,85.7
SCOTT,MO,29201,112.7
SHANNON,MO,29203,34.8
SHELBY,MO,29205,27.5
STODDARD,MO,29207,83.3
STONE,MO,29209,68.9
SULLIVAN,MO,29211,69.7
TANEY,MO,29213,99
TEXAS,MO,29215,49.9
VERNON,MO,29217,76.3
WARREN,MO,29219,58.1
WASHINGTON,MO,29221,37.7
WAYNE,MO,29223,3.6
WEBSTER,MO,29225,87.9
WORTH,MO,29227,1.4
WRIGHT,MO,29229,111.8
SAINT LOUIS CITY,MO,29510,47.9
BEAVERHEAD,MT,30001,77.4
BIG HORN,MT,30003,19.4
BLAINE,MT,30005,35.8
BROADWATER,MT,30007,31.5
CARBON,MT,30009,24.4
CASCADE,MT,30013,79.6
CHOUTEAU,MT,30015,26.8
CUSTER,MT,30017,99.9
DANIELS,MT,30019,4.5
DAWSON,MT,30021,84.4
DEER LODGE,MT,30023,72.2
FALLON,MT,30025,2.4
FERGUS,MT,30027,72.6
FLATHEAD,MT,30029,77.6
GALLATIN,MT,30031,38.5
GLACIER,MT,30035,37.3
HILL,MT,30041,47.5
JEFFERSON,MT,30043,12.8
LAKE,MT,30047,62
LEWIS AND CLARK,MT,30049,63.4
LIBERTY,MT,30051,37.3
LINCOLN,MT,30053,91.4
MADISON,MT,30057,25.6
MEAGHER,MT,30059,49.8
MINERAL,MT,30061,43.6
MISSOULA,MT,30063,62
PARK,MT,30067,43.4
PHILLIPS,MT,30071,73.5
PONDERA,MT,30073,64.1
POWDER RIVER,MT,30075,33.9
POWELL,MT,30077,70.2
RAVALLI,MT,30081,70.1
RICHLAND,MT,30083,60.6
ROOSEVELT,MT,30085,23.4
ROSEBUD,MT,30087,38.8
SANDERS,MT,30089,69.5
SILVER BOW,MT,30093,87.4
STILLWATER,MT,30095,44.7
SWEET GRASS,MT,30097,45.1
TETON,MT,30099,57.5
TOOLE,MT,30101,49.6
VALLEY,MT,30105,39.5
WHEATLAND,MT,30107,52.8
YELLOWSTONE,MT,30111,73.6
ADAMS,NE,31001,69.4
ANTELOPE,NE,31003,43.5
BOONE,NE,31011,0.7
BOX BUTTE,NE,31013,98.1
BOYD,NE,31015,
BROWN,NE,31017,41.7
BUFFALO,NE,31019,69.7
BURT,NE,31021,20
BUTLER,NE,31023,53.2
CASS,NE,31025,34.7
CEDAR,NE,31027,31.3
CHASE,NE,31029,57.1
CHERRY,NE,31031,79.1
CHEYENNE,NE,31033,39.8
CLAY,NE,31035,0
COLFAX,NE,31037,0.2
CUMING,NE,31039,25.5
CUSTER,NE,31041,79.5
DAKOTA,NE,31043,65.1
DAWES,NE,31045,64.9
DAWSON,NE,31047,58
DEUEL,NE,31049,0.7
DIXON,NE,31051,11.3
DODGE,NE,31053,89
DOUGLAS,NE,31055,57.8
DUNDY,NE,31057,107.1
FILLMORE,NE,31059,0.4
FRANKLIN,NE,31061,
FURNAS,NE,31065,1.2
GAGE,NE,31067,53.5
GARDEN,NE,31069,80
GARFIELD,NE,31071,75.8
GREELEY,NE,31077,
HALL,NE,31079,70.3
HAMILTON,NE,31081,59.8
HARLAN,NE,31083,82.4
HOLT,NE,31089,35
HOWARD,NE,31093,60.6
JEFFERSON,NE,31095,109.3
JOHNSON,NE,31097,40.2
KEARNEY,NE,31099,51.4
KEITH,NE,31101,105
KIMBALL,NE,31105,1
KNOX,NE,31107,27.5
LANCASTER,NE,31109,56.3
LINCOLN,NE,31111,91.1
MADISON,NE,31119,84.4
MERRICK,NE,31121,56.7
MORRILL,NE,31123,56.9
NANCE,NE,31125,43.6
NEMAHA,NE,31127,88.9
NUCKOLLS,NE,31129,41
OTOE,NE,31131,79.7
PAWNEE,NE,31133,51.1
PERKINS,NE,31135,67.9
PHELPS,NE,31137,117
PIERCE,NE,31139,27.5
PLATTE,NE,31141,67.1
POLK,NE,31143,22.6
RED WILLOW,NE,31145,97.8
RICHARDSON,NE,31147,45.9
SALINE,NE,31151,46.6
SARPY,NE,31153,45.8
SAUNDERS,NE,31155,27.1
SCOTTS BLUFF,NE,31157,84.8
SEWARD,NE,31159,50.1
SHERIDAN,NE,31161,17.2
SHERMAN,NE,31163,1.4
THAYER,NE,31169,0.6
THURSTON,NE,31173,0.5
VALLEY,NE,31175,0.6
WASHINGTON,NE,31177,49.5
WAYNE,NE,31179,48.3
WEBSTER,NE,31181,3.3
YORK,NE,31185,92.2
CHURCHILL,NV,32001,101
CLARK,NV,32003,70.6
DOUGLAS,NV,32005,99
ELKO,NV,32007,57.2
HUMBOLDT,NV,32013,68.2
LANDER,NV,32015,0.6
LINCOLN,NV,32017,75
LYON,NV,32019,83.3
MINERAL,NV,32021,103.5
NYE,NV,32023,119.2
PERSHING,NV,32027,25.5
WASHOE,NV,32031,73.2
WHITE PINE,NV,32033,90.4
CARSON CITY,NV,32510,115.8
BELKNAP,NH,33001,57.1
CARROLL,NH,33003,65.1
CHESHIRE,NH,33005,53.4
COOS,NH,33007,58
GRAFTON,NH,33009,55.3
HILLSBOROUGH,NH,33011,44
MERRIMACK,NH,33013,60
ROCKINGHAM,NH,33015,52.9
STRAFFORD,NH,33017,64.8
SULLIVAN,NH,33019,44.7
ATLANTIC,NJ,34001,63.8
BERGEN,NJ,34003,36
BURLINGTON,NJ,34005,58.7
CAMDEN,NJ,34007,71.3
CAPE MAY,NJ,34009,74.9
CUMBERLAND,NJ,34011,77.9
ESSEX,NJ,34013,33
GLOUCESTER,NJ,34015,67.8
HUDSON,NJ,34017,31.4
HUNTERDON,NJ,34019,34.8
MERCER,NJ,34021,45.3
MIDDLESEX,NJ,34023,36.5
MONMOUTH,NJ,34025,45.6
MORRIS,NJ,34027,34.8
OCEAN,NJ,34029,55.3
PASSAIC,NJ,34031,37.9
SALEM,NJ,34033,60.6
SOMERSET,NJ,34035,30.9
SUSSEX,NJ,34037,48.9
UNION,NJ,34039,34
WARREN,NJ,34041,58.3
BERNALILLO,NM,35001,59.6
CHAVES,NM,35005,69.2
CIBOLA,NM,35006,37.7
COLFAX,NM,35007,57.8
CURRY,NM,35009,45.9
DE BACA,NM,35011,6.8
DONA ANA,NM,35013,41.5
EDDY,NM,35015,76.9
GRANT,NM,35017,65
GUADALUPE,NM,35019,6.7
LEA,NM,35025,65.7
LINCOLN,NM,35027,82.8
LOS ALAMOS,NM,35028,64.2
LUNA,NM,35029,65.5
MCKINLEY,NM,35031,21.1
OTERO,NM,35035,50.7
QUAY,NM,35037,77.9
RIO ARRIBA,NM,35039,75.1
ROOSEVELT,NM,35041,24.3
SANDOVAL,NM,35043,48.4
SAN JUAN,NM,35045,53.5
SAN MIGUEL,NM,35047,56.2
SANTA FE,NM,35049,72.9
SIERRA,NM,35051,70.8
SOCORRO,NM,35053,50
TAOS,NM,35055,73.1
TORRANCE,NM,35057,20
UNION,NM,35059,33.9
VALENCIA,NM,35061,70.7
ALBANY,NY,36001,42.1
ALLEGANY,NY,36003,53.3
BRONX,NY,36005,26.4
BROOME,NY,36007,63.2
CATTARAUGUS,NY,36009,65.4
CAYUGA,NY,36011,46.4
CHAUTAUQUA,NY,36013,61.6
CHEMUNG,NY,36015,72.8
CHENANGO,NY,36017,51.7
CLINTON,NY,36019,74.2
COLUMBIA,NY,36021,58.4
CORTLAND,NY,36023,58.2
DELAWARE,NY,36025,54.1
DUTCHESS,NY,36027,49.7
ERIE,NY,36029,59.1
ESSEX,NY,36031,44.8
FRANKLIN,NY,36033,63.8
FULTON,NY,36035,63.7
GENESEE,NY,36037,49.6
GREENE,NY,36039,59.8
HERKIMER,NY,36043,44.8
JEFFERSON,NY,36045,54.9
KINGS,NY,36047,20.4
LEWIS,NY,36049,36.4
LIVINGSTON,NY,36051,46.8
MADISON,NY,36053,53
MONROE,NY,36055,42.7
MONTGOMERY,NY,36057,75.5
NASSAU,NY,36059,36
NEW YORK,NY,36061,33.8
NIAGARA,NY,36063,65.9
ONEIDA,NY,36065,54.1
ONONDAGA,NY,36067,50.6
ONTARIO,NY,36069,45.2
ORANGE,NY,36071,51.9
ORLEANS,NY,36073,48.5
OSWEGO,NY,36075,54
OTSEGO,NY,36077,54.2
PUTNAM,NY,36079,38.9
QUEENS,NY,36081,20.6
RENSSELAER,NY,36083,52.8
RICHMOND,NY,36085,39.3
ROCKLAND,NY,36087,31
SAINT LAWRENCE,NY,36089,65.7
SARATOGA,NY,36091,45
SCHENECTADY,NY,36093,48.7
SCHOHARIE,NY,36095,50.6
SCHUYLER,NY,36097,52.4
SENECA,NY,36099,43.7
STEUBEN,NY,36101,61.3
SUFFOLK,NY,36103,45.4
SULLIVAN,NY,36105,66.5
TIOGA,NY,36107,40.1
TOMPKINS,NY,36109,48.5
ULSTER,NY,36111,59
WARREN,NY,36113,81.1
WASHINGTON,NY,36115,60
WAYNE,NY,36117,47.6
WESTCHESTER,NY,36119,30.9
WYOMING,NY,36121,45.9
YATES,NY,36123,30.3
ALAMANCE,NC,37001,74.3
ALEXANDER,NC,37003,20
ALLEGHANY,NC,37005,73
ANSON,NC,37007,72.3
ASHE,NC,37009,92
AVERY,NC,37011,62
BEAUFORT,NC,37013,131.3
BERTIE,NC,37015,25
BLADEN,NC,37017,106.3
BRUNSWICK,NC,37019,96.2
BUNCOMBE,NC,37021,71.3
BURKE,NC,37023,125.3
CABARRUS,NC,37025,83.2
CALDWELL,NC,37027,119.1
CARTERET,NC,37031,86.6
CASWELL,NC,37033,7.6
CATAWBA,NC,37035,114.6
CHATHAM,NC,37037,37.9
CHEROKEE,NC,37039,117.5
CHOWAN,NC,37041,106.9
CLAY,NC,37043,117.2
CLEVELAND,NC,37045,115.3
COLUMBUS,NC,37047,139.8
CRAVEN,NC,37049,98
CUMBERLAND,NC,37051,76
CURRITUCK,NC,37053,15
DARE,NC,37055,95.7
DAVIDSON,NC,37057,67.8
DAVIE,NC,37059,88.3
DUPLIN,NC,37061,69.4
DURHAM,NC,37063,41.6
EDGECOMBE,NC,37065,71
FORSYTH,NC,37067,65.2
FRANKLIN,NC,37069,48.1
GASTON,NC,37071,101.8
GATES,NC,37073,0.6
GRAHAM,NC,37075,89.1
GRANVILLE,NC,37077,62.3
GREENE,NC,37079,28.5
GUILFORD,NC,37081,65.5
HALIFAX,NC,37083,104.2
HARNETT,NC,37085,71.3
HAYWOOD,NC,37087,92.6
HENDERSON,NC,37089,72.5
HERTFORD,NC,37091,123
HOKE,NC,37093,56.3
HYDE,NC,37095,58.3
IREDELL,NC,37097,90.3
JACKSON,NC,37099,79.6
JOHNSTON,NC,37101,60.6
JONES,NC,37103,36.6
LEE,NC,37105,114.2
LENOIR,NC,37107,81.7
LINCOLN,NC,37109,98.5
MCDOWELL,NC,37111,77.5
MACON,NC,37113,84
MADISON,NC,37115,49
MARTIN,NC,37117,97.6
MECKLENBURG,NC,37119,47.4
MITCHELL,NC,37121,123.6
MONTGOMERY,NC,37123,55
MOORE,NC,37125,102.8
NASH,NC,37127,83.4
NEW HANOVER,NC,37129,86
NORTHAMPTON,NC,37131,14.9
ONSLOW,NC,37133,65.6
ORANGE,NC,37135,36.7
PAMLICO,NC,37137,82
PASQUOTANK,NC,37139,117.2
PENDER,NC,37141,48.6
PERQUIMANS,NC,37143,30.1
PERSON,NC,37145,92.1
PITT,NC,37147,72.2
POLK,NC,37149,54.3
RANDOLPH,NC,37151,62.5
RICHMOND,NC,37153,138
ROBESON,NC,37155,114.2
ROCKINGHAM,NC,37157,120.6
ROWAN,NC,37159,72.8
RUTHERFORD,NC,37161,86.2
SAMPSON,NC,37163,78.3
SCOTLAND,NC,37165,168.3
STANLY,NC,37167,100.7
STOKES,NC,37169,82.1
SURRY,NC,37171,139.4
SWAIN,NC,37173,79
TRANSYLVANIA,NC,37175,84.2
TYRRELL,NC,37177,82.3
UNION,NC,37179,60.5
VANCE,NC,37181,101.9
WAKE,NC,37183,47.5
WARREN,NC,37185,29.9
WASHINGTON,NC,37187,88.5
WATAUGA,NC,37189,65.2
WAYNE,NC,37191,69.7
WILKES,NC,37193,78.8
WILSON,NC,37195,81.9
YADKIN,NC,37197,55
YANCEY,NC,37199,84.3
ADAMS,ND,38001,100.8
BARNES,ND,38003,53.9
BENSON,ND,38005,6.6
BOTTINEAU,ND,38009,29.4
BOWMAN,ND,38011,44.9
BURLEIGH,ND,38015,58.4
CASS,ND,38017,24.5
CAVALIER,ND,38019,46
DICKEY,ND,38021,62.7
DIVIDE,ND,38023,0.1
DUNN,ND,38025,16.9
EDDY,ND,38027,75.8
EMMONS,ND,38029,48.2
FOSTER,ND,38031,88.7
GRAND FORKS,ND,38035,53.3
GRANT,ND,38037,0.3
GRIGGS,ND,38039,54.6
HETTINGER,ND,38041,23.4
KIDDER,ND,38043,30.4
LAMOURE,ND,38045,32.3
LOGAN,ND,38047,
MCHENRY,ND,38049,20
MCINTOSH,ND,38051,36.1
MCKENZIE,ND,38053,34.7
MCLEAN,ND,38055,35
MERCER,ND,38057,62.5
MORTON,ND,38059,38.5
MOUNTRAIL,ND,38061,10.6
NELSON,ND,38063,27
PEMBINA,ND,38067,51.9
PIERCE,ND,38069,50
RAMSEY,ND,38071,108.6
RANSOM,ND,38073,47.5
RENVILLE,ND,38075,24.5
RICHLAND,ND,38077,27.8
ROLETTE,ND,38079,3.1
SARGENT,ND,38081,0.1
STARK,ND,38089,61.1
STUTSMAN,ND,38093,63
TOWNER,ND,38095,1.9
TRAILL,ND,38097,19.1
WALSH,ND,38099,38.6
WARD,ND,38101,52
WELLS,ND,38103,65.9
WILLIAMS,ND,38105,54.7
ADAMS,OH,39001,77.4
ALLEN,OH,39003,77.2
ASHLAND,OH,39005,37.4
ASHTABULA,OH,39007,58.7
ATHENS,OH,39009,67.2
AUGLAIZE,OH,39011,43.6
BELMONT,OH,39013,75.8
BROWN,OH,39015,76.6
BUTLER,OH,39017,65.8
CARROLL,OH,39019,36
CHAMPAIGN,OH,39021,61
CLARK,OH,39023,89
CLERMONT,OH,39025,73
CLINTON,OH,39027,89.7
COLUMBIANA,OH,39029,66.2
COSHOCTON,OH,39031,69.4
CRAWFORD,OH,39033,76.6
CUYAHOGA,OH,39035,50.1
DARKE,OH,39037,43.8
DEFIANCE,OH,39039,70.8
DELAWARE,OH,39041,48.1
ERIE,OH,39043,73
FAIRFIELD,OH,39045,62.5
FAYETTE,OH,39047,85.6
FRANKLIN,OH,39049,59.4
FULTON,OH,39051,66.1
GALLIA,OH,39053,68.7
GEAUGA,OH,39055,45.6
GREENE,OH,39057,62.1
GUERNSEY,OH,39059,84.2
HAMILTON,OH,39061,62.8
HANCOCK,OH,39063,54.3
HARDIN,OH,39065,59.8
HARRISON,OH,39067,57
HENRY,OH,39069,49.7
HIGHLAND,OH,39071,90.1
HOCKING,OH,39073,78
HOLMES,OH,39075,20.7
HURON,OH,39077,82.8
JACKSON,OH,39079,112.5
JEFFERSON,OH,39081,93.4
KNOX,OH,39083,45.5
LAKE,OH,39085,61.4
LAWRENCE,OH,39087,73.3
LICKING,OH,39089,56.7
LOGAN,OH,39091,72.1
LORAIN,OH,39093,59.6
LUCAS,OH,39095,85.5
MADISON,OH,39097,63.2
MAHONING,OH,39099,77.6
MARION,OH,39101,92
MEDINA,OH,39103,50.1
MEIGS,OH,39105,48.8
MERCER,OH,39107,41.3
MIAMI,OH,39109,60.2
MONROE,OH,39111,37.5
MONTGOMERY,OH,39113,77.3
MORGAN,OH,39115,39
MORROW,OH,39117,45.1
MUSKINGUM,OH,39119,85
NOBLE,OH,39121,17.8
OTTAWA,OH,39123,61.3
PAULDING,OH,39125,31.2
PERRY,OH,39127,69.5
PICKAWAY,OH,39129,61.6
PIKE,OH,39131,93.6
PORTAGE,OH,39133,50.6
PREBLE,OH,39135,57.1
PUTNAM,OH,39137,33.6
RICHLAND,OH,39139,59.4
ROSS,OH,39141,76.8
SANDUSKY,OH,39143,60.7
SCIOTO,OH,39145,90.5
SENECA,OH,39147,61.2
SHELBY,OH,39149,60
STARK,OH,39151,76.7
SUMMIT,OH,39153,61.8
TRUMBULL,OH,39155,80.4
TUSCARAWAS,OH,39157,64.5
UNION,OH,39159,57.6
VAN WERT,OH,39161,56.2
VINTON,OH,39163,19.7
WARREN,OH,39165,54.9
WASHINGTON,OH,39167,102.7
WAYNE,OH,39169,47.8
WILLIAMS,OH,39171,44
WOOD,OH,39173,43.2
WYANDOT,OH,39175,41.7
ADAIR,OK,40001,66.5
ALFALFA,OK,40003,0.5
ATOKA,OK,40005,32.6
BECKHAM,OK,40009,94.9
BLAINE,OK,40011,1.2
BRYAN,OK,40013,128.2
CADDO,OK,40015,62.2
CANADIAN,OK,40017,80
CARTER,OK,40019,148.4
CHEROKEE,OK,40021,99.4
CHOCTAW,OK,40023,34.4
CIMARRON,OK,40025,35.7
CLEVELAND,OK,40027,74.7
COAL,OK,40029,75.7
COMANCHE,OK,40031,76.3
COTTON,OK,40033,0.7
CRAIG,OK,40035,96.8
CREEK,OK,40037,99.2
CUSTER,OK,40039,94.9
DELAWARE,OK,40041,78.7
DEWEY,OK,40043,12.7
ELLIS,OK,40045,3.1
GARFIELD,OK,40047,90.1
GARVIN,OK,40049,51.1
GRADY,OK,40051,54.3
GRANT,OK,40053,25.6
GREER,OK,40055,35.9
HARMON,OK,40057,178
HARPER,OK,40059,0.8
HASKELL,OK,40061,94.7
HUGHES,OK,40063,29.8
JACKSON,OK,40065,93.2
JEFFERSON,OK,40067,9.5
JOHNSTON,OK,40069,2.2
KAY,OK,40071,77.8
KINGFISHER,OK,40073,97.9
KIOWA,OK,40075,33.3
LATIMER,OK,40077,57.4
LE FLORE,OK,40079,81.8
LINCOLN,OK,40081,17.7
LOGAN,OK,40083,44.8
LOVE,OK,40085,69.6
MCCLAIN,OK,40087,126.2
MCCURTAIN,OK,40089,65.4
MCINTOSH,OK,40091,61.4
MAJOR,OK,40093,1.4
MARSHALL,OK,40095,72.3
MAYES,OK,40097,89.4
MURRAY,OK,40099,128.7
MUSKOGEE,OK,40101,114.4
NOBLE,OK,40103,6.6
NOWATA,OK,40105,53.7
OKFUSKEE,OK,40107,0.8
OKLAHOMA,OK,40109,96.5
OKMULGEE,OK,40111,89.6
OSAGE,OK,40113,10
OTTAWA,OK,40115,85.3
PAWNEE,OK,40117,87
PAYNE,OK,40119,87.9
PITTSBURG,OK,40121,130.4
PONTOTOC,OK,40123,106.9
POTTAWATOMIE,OK,40125,118.2
PUSHMATAHA,OK,40127,29.5
ROGER MILLS,OK,40129,0.6
ROGERS,OK,40131,92.1
SEMINOLE,OK,40133,60.5
SEQUOYAH,OK,40135,51.9
STEPHENS,OK,40137,121.9
TEXAS,OK,40139,32.5
TILLMAN,OK,40141,89.1
TULSA,OK,40143,113.2
WAGONER,OK,40145,58.9
WASHINGTON,OK,40147,103.3
WASHITA,OK,40149,0.4
WOODS,OK,40151,24.9
WOODWARD,OK,40153,90.3
BAKER,OR,41001,110
BENTON,OR,41003,38.7
CLACKAMAS,OR,41005,64.4
CLATSOP,OR,41007,91
COLUMBIA,OR,41009,64
COOS,OR,41011,116.5
CROOK,OR,41013,83
CURRY,OR,41015,133.8
DESCHUTES,OR,41017,74.7
DOUGLAS,OR,41019,88.9
GILLIAM,OR,41021,76.8
GRANT,OR,41023,54.3
HARNEY,OR,41025,86.5
HOOD RIVER,OR,41027,79.8
JACKSON,OR,41029,92.9
JEFFERSON,OR,41031,49.9
JOSEPHINE,OR,41033,105.5
KLAMATH,OR,41035,69.3
LAKE,OR,41037,89.5
LANE,OR,41039,88.1
LINCOLN,OR,41041,97.4
LINN,OR,41043,88.9
MALHEUR,OR,41045,131.8
MARION,OR,41047,58.9
MORROW,OR,41049,32.7
MULTNOMAH,OR,41051,43.2
POLK,OR,41053,48.7
TILLAMOOK,OR,41057,92.3
UMATILLA,OR,41059,79.8
UNION,OR,41061,101
WALLOWA,OR,41063,77.1
WASCO,OR,41065,122.2
WASHINGTON,OR,41067,44.3
YAMHILL,OR,41071,63.1
ADAMS,PA,42001,37.8
ALLEGHENY,PA,42003,57.6
ARMSTRONG,PA,42005,74.5
BEAVER,PA,42007,61.1
BEDFORD,PA,42009,54.8
BERKS,PA,42011,49.1
BLAIR,PA,42013,88.8
BRADFORD,PA,42015,59.2
BUCKS,PA,42017,56.5
BUTLER,PA,42019,57
CAMBRIA,PA,42021,83.9
CAMERON,PA,42023,86.2
CARBON,PA,42025,58.7
CENTRE,PA,42027,40.7
CHESTER,PA,42029,43.5
CLARION,PA,42031,57.8
CLEARFIELD,PA,42033,61.3
CLINTON,PA,42035,66
COLUMBIA,PA,42037,70.3
CRAWFORD,PA,42039,69.1
CUMBERLAND,PA,42041,55.8
DAUPHIN,PA,42043,52.3
DELAWARE,PA,42045,57.5
ELK,PA,42047,69.6
ERIE,PA,42049,63.9
FAYETTE,PA,42051,107
FOREST,PA,42053,39.3
FRANKLIN,PA,42055,59
FULTON,PA,42057,61.3
GREENE,PA,42059,65.1
HUNTINGDON,PA,42061,49.9
INDIANA,PA,42063,61.4
JEFFERSON,PA,42065,63.4
JUNIATA,PA,42067,50.3
LACKAWANNA,PA,42069,97.3
LANCASTER,PA,42071,45.4
LAWRENCE,PA,42073,76.9
LEBANON,PA,42075,48.1
LEHIGH,PA,42077,39.3
LUZERNE,PA,42079,70.8
LYCOMING,PA,42081,73.3
MCKEAN,PA,42083,77.8
MERCER,PA,42085,91.1
MIFFLIN,PA,42087,67.7
MONROE,PA,42089,65.3
MONTGOMERY,PA,42091,50.7
MONTOUR,PA,42093,66.6
NORTHAMPTON,PA,42095,54.5
NORTHUMBERLAND,PA,42097,82.4
PERRY,PA,42099,48.2
PHILADELPHIA,PA,42101,55
PIKE,PA,42103,40.2
POTTER,PA,42105,56.5
SCHUYLKILL,PA,42107,67.3
SNYDER,PA,42109,55.3
SOMERSET,PA,42111,60.9
SULLIVAN,PA,42113,39.7
SUSQUEHANNA,PA,42115,48
TIOGA,PA,42117,62.4
UNION,PA,42119,52.8
VENANGO,PA,42121,67
WARREN,PA,42123,67.1
WASHINGTON,PA,42125,58
WAYNE,PA,42127,55.6
WESTMORELAND,PA,42129,62.3
WYOMING,PA,42131,66.1
YORK,PA,42133,51.6
BRISTOL,RI,44001,39.7
KENT,RI,44003,62.3
NEWPORT,RI,44005,50.4
PROVIDENCE,RI,44007,48.4
WASHINGTON,RI,44009,56.2
ABBEVILLE,SC,45001,51.1
AIKEN,SC,45003,77.7
ALLENDALE,SC,45005,47.8
ANDERSON,SC,45007,83.9
BAMBERG,SC,45009,92.9
BARNWELL,SC,45011,87.2
BEAUFORT,SC,45013,59.7
BERKELEY,SC,45015,54
CALHOUN,SC,45017,8.6
CHARLESTON,SC,45019,66.1
CHEROKEE,SC,45021,105.3
CHESTER,SC,45023,81.9
CHESTERFIELD,SC,45025,79.8
CLARENDON,SC,45027,72.1
COLLETON,SC,45029,114.6
DARLINGTON,SC,45031,140.4
DILLON,SC,45033,114.9
DORCHESTER,SC,45035,90.4
EDGEFIELD,SC,45037,54.9
FAIRFIELD,SC,45039,45.9
FLORENCE,SC,45041,121.9
GEORGETOWN,SC,45043,78.1
GREENVILLE,SC,45045,79.2
GREENWOOD,SC,45047,101.5
HAMPTON,SC,45049,90.8
HORRY,SC,45051,97.1
JASPER,SC,45053,60.3
KERSHAW,SC,45055,75.8
LANCASTER,SC,45057,72.9
LAURENS,SC,45059,79.1
LEE,SC,45061,38.2
LEXINGTON,SC,45063,82.1
MCCORMICK,SC,45065,2.3
MARION,SC,45067,111.3
MARLBORO,SC,45069,98.9
NEWBERRY,SC,45071,77.4
OCONEE,SC,45073,107.5
ORANGEBURG,SC,45075,79.7
PICKENS,SC,45077,93.9
RICHLAND,SC,45079,58.5
SALUDA,SC,45081,41.4
SPARTANBURG,SC,45083,93
SUMTER,SC,45085,70.9
UNION,SC,45087,106.2
WILLIAMSBURG,SC,45089,72.4
YORK,SC,45091,62.9
BEADLE,SD,46005,58.5
BENNETT,SD,46007,0.2
BON HOMME,SD,46009,0.3
BROOKINGS,SD,46011,42
BROWN,SD,46013,57.4
BRULE,SD,46015,78.2
BUTTE,SD,46019,25.8
CHARLES MIX,SD,46023,38.7
CLARK,SD,46025,27.2
CLAY,SD,46027,45.1
CODINGTON,SD,46029,62
CUSTER,SD,46033,33.9
DAVISON,SD,46035,75.2
DAY,SD,46037,0.5
DEUEL,SD,46039,0.7
DOUGLAS,SD,46043,37.6
EDMUNDS,SD,46045,57.1
FALL RIVER,SD,46047,82.4
FAULK,SD,46049,
GRANT,SD,46051,52.5
GREGORY,SD,46053,79.6
HAAKON,SD,46055,99.2
HAND,SD,46059,0.7
HUGHES,SD,46065,84.3
HUTCHINSON,SD,46067,76.6
JERAULD,SD,46073,104.5
KINGSBURY,SD,46077,46
LAKE,SD,46079,35.6
LAWRENCE,SD,46081,70.2
LINCOLN,SD,46083,35.3
LYMAN,SD,46085,10.3
MCCOOK,SD,46087,31
MCPHERSON,SD,46089,0.2
MARSHALL,SD,46091,38.3
MEADE,SD,46093,12.9
MELLETTE,SD,46095,68.9
MINER,SD,46097,27.9
MINNEHAHA,SD,46099,59.4
MOODY,SD,46101,32.9
PENNINGTON,SD,46103,65.1
PERKINS,SD,46105,50
POTTER,SD,46107,1.5
ROBERTS,SD,46109,42
SPINK,SD,46115,1
STANLEY,SD,46117,2.5
TRIPP,SD,46123,78.6
TURNER,SD,46125,29.4
UNION,SD,46127,62
WALWORTH,SD,46129,91.2
YANKTON,SD,46135,79.5
ANDERSON,TN,47001,126.2
BEDFORD,TN,47003,94.2
BENTON,TN,47005,119
BLEDSOE,TN,47007,72.7
BLOUNT,TN,47009,80.2
BRADLEY,TN,47011,113.7
CAMPBELL,TN,47013,172
CANNON,TN,47015,95.1
CARROLL,TN,47017,119
CARTER,TN,47019,98.8
CHEATHAM,TN,47021,93.1
CHESTER,TN,47023,82.8
CLAIBORNE,TN,47025,159.2
CLAY,TN,47027,191.3
COCKE,TN,47029,162.6
COFFEE,TN,47031,156.4
CROCKETT,TN,47033,61.3
CUMBERLAND,TN,47035,116.1
DAVIDSON,TN,47037,73.7
DECATUR,TN,47039,136.5
DEKALB,TN,47041,138.7
DICKSON,TN,47043,119.5
DYER,TN,47045,156.2
FAYETTE,TN,47047,65.4
FENTRESS,TN,47049,159.1
FRANKLIN,TN,47051,101.8
GIBSON,TN,47053,128.1
GILES,TN,47055,111
GRAINGER,TN,47057,80
GREENE,TN,47059,107.9
GRUNDY,TN,47061,141.6
HAMBLEN,TN,47063,143.6
HAMILTON,TN,47065,109.2
HANCOCK,TN,47067,108.1
HARDEMAN,TN,47069,93
HARDIN,TN,47071,145.4
HAWKINS,TN,47073,73.7
HAYWOOD,TN,47075,79.1
HENDERSON,TN,47077,115.9
HENRY,TN,47079,166.8
HICKMAN,TN,47081,64.9
HOUSTON,TN,47083,126.8
HUMPHREYS,TN,47085,114.2
JACKSON,TN,47087,47
JEFFERSON,TN,47089,98.9
JOHNSON,TN,47091,88
KNOX,TN,47093,84.7
LAKE,TN,47095,58.1
LAUDERDALE,TN,47097,91.5
LAWRENCE,TN,47099,130
LEWIS,TN,47101,134.5
LINCOLN,TN,47103,94.9
LOUDON,TN,47105,91.5
MCMINN,TN,47107,133.1
MCNAIRY,TN,47109,149.8
MACON,TN,47111,113.7
MADISON,TN,47113,114.7
MARION,TN,47115,84.3
MARSHALL,TN,47117,121.9
MAURY,TN,47119,114.7
MEIGS,TN,47121,40.3
MONROE,TN,47123,133
MONTGOMERY,TN,47125,77.3
MOORE,TN,47127,17.5
MORGAN,TN,47129,61.8
OBION,TN,47131,95.3
OVERTON,TN,47133,97.3
PERRY,TN,47135,100.9
PICKETT,TN,47137,90.5
POLK,TN,47139,111.9
PUTNAM,TN,47141,125.5
RHEA,TN,47143,138.3
ROANE,TN,47145,128.7
ROBERTSON,TN,47147,116
RUTHERFORD,TN,47149,82.2
SCOTT,TN,47151,154.6
SEQUATCHIE,TN,47153,159.7
SEVIER,TN,47155,99.5
SHELBY,TN,47157,65.5
SMITH,TN,47159,109
STEWART,TN,47161,57.8
SULLIVAN,TN,47163,145
SUMNER,TN,47165,82.8
TIPTON,TN,47167,102.3
TROUSDALE,TN,47169,128
UNICOI,TN,47171,131.7
UNION,TN,47173,73.4
VAN BUREN,TN,47175,10.4
WARREN,TN,47177,132.8
WASHINGTON,TN,47179,94.5
WAYNE,TN,47181,131.1
WEAKLEY,TN,47183,114.9
WHITE,TN,47185,115.5
WILLIAMSON,TN,47187,50.8
WILSON,TN,47189,79.2
ANDERSON,TX,48001,62.2
ANDREWS,TX,48003,52.5
ANGELINA,TX,48005,88.7
ARANSAS,TX,48007,83
ATASCOSA,TX,48013,84.1
AUSTIN,TX,48015,52.9
BAILEY,TX,48017,68.3
BANDERA,TX,48019,38.3
BASTROP,TX,48021,72.1
BAYLOR,TX,48023,62.1
BEE,TX,48025,66.1
BELL,TX,48027,49.3
BEXAR,TX,48029,50.9
BLANCO,TX,48031,16.6
BOSQUE,TX,48035,36.2
BOWIE,TX,48037,116.7
BRAZORIA,TX,48039,58.8
BRAZOS,TX,48041,47.9
BREWSTER,TX,48043,64.8
BROOKS,TX,48047,58.3
BROWN,TX,48049,119.3
BURLESON,TX,48051,53.3
BURNET,TX,48053,87.5
CALDWELL,TX,48055,46.9
CALHOUN,TX,48057,97.6
CALLAHAN,TX,48059,21
CAMERON,TX,48061,26.1
CAMP,TX,48063,57.6
CARSON,TX,48065,3.5
CASS,TX,48067,77.4
CASTRO,TX,48069,0.9
CHAMBERS,TX,48071,32.5
CHEROKEE,TX,48073,62.4
CHILDRESS,TX,48075,155.9
COLEMAN,TX,48083,66.7
COLLIN,TX,48085,50.9
COLORADO,TX,48089,48.5
COMAL,TX,48091,69.2
COMANCHE,TX,48093,69
COOKE,TX,48097,84.7
CORYELL,TX,48099,60
CRANE,TX,48103,70.5
CROCKETT,TX,48105,46.5
CROSBY,TX,48107,1.3
DALLAM,TX,48111,62.4
DALLAS,TX,48113,46.1
DAWSON,TX,48115,59
DEAF SMITH,TX,48117,34.8
DELTA,TX,48119,
DENTON,TX,48121,53.8
DE WITT,TX,48123,44
DICKENS,TX,48125,6.6
DIMMIT,TX,48127,99.2
DONLEY,TX,48129,2.1
DUVAL,TX,48131,9.5
EASTLAND,TX,48133,79.8
ECTOR,TX,48135,68.7
ELLIS,TX,48139,67.3
EL PASO,TX,48141,34.7
ERATH,TX,48143,68
FALLS,TX,48145,58.1
FANNIN,TX,48147,56.2
FAYETTE,TX,48149,58.7
FISHER,TX,48151,5.3
FLOYD,TX,48153,2.2
FOARD,TX,48155,51.6
FORT BEND,TX,48157,35.8
FRANKLIN,TX,48159,71.1
FREESTONE,TX,48161,26.8
FRIO,TX,48163,40.2
GAINES,TX,48165,46.6
GALVESTON,TX,48167,70.5
GARZA,TX,48169,0.6
GILLESPIE,TX,48171,71.1
GOLIAD,TX,48175,19.6
GONZALES,TX,48177,48.3
GRAY,TX,48179,102.1
GRAYSON,TX,48181,95
GREGG,TX,48183,126.5
GRIMES,TX,48185,25.6
GUADALUPE,TX,48187,45.3
HALE,TX,48189,58.7
HALL,TX,48191,2.4
HAMILTON,TX,48193,44.6
HANSFORD,TX,48195,0
HARDEMAN,TX,48197,75.1
HARDIN,TX,48199,90.4
HARRIS,TX,48201,42.4
HARRISON,TX,48203,64.4
HASKELL,TX,48207,6.3
HAYS,TX,48209,52.3
HEMPHILL,TX,48211,1.8
HENDERSON,TX,48213,76.4
HIDALGO,TX,48215,26
HILL,TX,48217,60.3
HOCKLEY,TX,48219,73.7
HOOD,TX,48221,108.2
HOPKINS,TX,48223,84.3
HOUSTON,TX,48225,42.7
HOWARD,TX,48227,63.6
HUNT,TX,48231,84.6
HUTCHINSON,TX,48233,74.6
JACK,TX,48237,1.3
JACKSON,TX,48239,32
JASPER,TX,48241,57.7
JEFFERSON,TX,48245,79.9
JIM HOGG,TX,48247,25.3
JIM WELLS,TX,48249,77.5
JOHNSON,TX,48251,85.2
JONES,TX,48253,30.3
KARNES,TX,48255,56.1
KAUFMAN,TX,48257,71
KENDALL,TX,48259,60.3
KERR,TX,48265,77.2
KIMBLE,TX,48267,55.1
KINNEY,TX,48271,22.4
KLEBERG,TX,48273,61.7
LAMAR,TX,48277,139.7
LAMB,TX,48279,2.6
LAMPASAS,TX,48281,55.7
LA SALLE,TX,48283,0.2
LAVACA,TX,48285,50
LEE,TX,48287,46.3
LEON,TX,48289,40
LIBERTY,TX,48291,83
LIMESTONE,TX,48293,87.1
LIVE OAK,TX,48297,13.9
LLANO,TX,48299,56.9
LUBBOCK,TX,48303,79.1
LYNN,TX,48305,0.9
MCCULLOCH,TX,48307,54.2
MCLENNAN,TX,48309,70.5
MADISON,TX,48313,72.9
MARION,TX,48315,1.6
MARTIN,TX,48317,40.4
MASON,TX,48319,38.8
MATAGORDA,TX,48321,62.1
MAVERICK,TX,48323,28.4
MEDINA,TX,48325,42.7
MIDLAND,TX,48329,54.6
MILAM,TX,48331,61.6
MITCHELL,TX,48335,50.6
MONTAGUE,TX,48337,75.7
MONTGOMERY,TX,48339,55.7
MOORE,TX,48341,51.2
MORRIS,TX,48343,77.1
NACOGDOCHES,TX,48347,83
NAVARRO,TX,48349,67
NEWTON,TX,48351,25.5
NOLAN,TX,48353,83.4
NUECES,TX,48355,71.6
OCHILTREE,TX,48357,49.3
ORANGE,TX,48361,95.8
PALO PINTO,TX,48363,96.5
PANOLA,TX,48365,76.7
PARKER,TX,48367,65.5
PARMER,TX,48369,0.9
PECOS,TX,48371,34.3
POLK,TX,48373,91.4
POTTER,TX,48375,73.4
PRESIDIO,TX,48377,3.3
RAINS,TX,48379,62.5
RANDALL,TX,48381,69.5
REAGAN,TX,48383,25.4
RED RIVER,TX,48387,59.4
REEVES,TX,48389,58.4
REFUGIO,TX,48391,1.5
ROBERTSON,TX,48395,25.3
ROCKWALL,TX,48397,70.9
RUNNELS,TX,48399,70.3
RUSK,TX,48401,46.3
SABINE,TX,48403,44.4
SAN AUGUSTINE,TX,48405,66.4
SAN JACINTO,TX,48407,17.3
SAN PATRICIO,TX,48409,81.7
SAN SABA,TX,48411,36.3
SCURRY,TX,48415,81.5
SHELBY,TX,48419,65.1
SHERMAN,TX,48421,1
SMITH,TX,48423,82.1
SOMERVELL,TX,48425,5.1
STARR,TX,48427,33.7
STEPHENS,TX,48429,96.9
STONEWALL,TX,48433,2.6
SUTTON,TX,48435,2.6
SWISHER,TX,48437,9.1
TARRANT,TX,48439,61
TAYLOR,TX,48441,99.6
TERRY,TX,48445,77.8
TITUS,TX,48449,76.2
TOM GREEN,TX,48451,71.3
TRAVIS,TX,48453,45.6
TRINITY,TX,48455,56.5
TYLER,TX,48457,48.4
UPSHUR,TX,48459,18.2
UPTON,TX,48461,1.6
UVALDE,TX,48463,71.9
VAL VERDE,TX,48465,35.9
VAN ZANDT,TX,48467,70.3
VICTORIA,TX,48469,94.6
WALKER,TX,48471,57.2
WALLER,TX,48473,11.8
WARD,TX,48475,51.9
WASHINGTON,TX,48477,71.2
WEBB,TX,48479,24.9
WHARTON,TX,48481,60.4
WHEELER,TX,48483,32.7
WICHITA,TX,48485,98.7
WILBARGER,TX,48487,137.9
WILLACY,TX,48489,32.8
WILLIAMSON,TX,48491,56.9
WILSON,TX,48493,54.4
WINKLER,TX,48495,46.7
WISE,TX,48497,60.7
WOOD,TX,48499,91
YOAKUM,TX,48501,7.5
YOUNG,TX,48503,92.2
ZAPATA,TX,48505,21
ZAVALA,TX,48507,0.6
BEAVER,UT,49001,87
BOX ELDER,UT,49003,73.8
CACHE,UT,49005,50.2
CARBON,UT,49007,154.1
DAVIS,UT,49011,62.5
DUCHESNE,UT,49013,58.8
EMERY,UT,49015,80.2
GARFIELD,UT,49017,73.2
GRAND,UT,49019,80.3
IRON,UT,49021,90
JUAB,UT,49023,73.5
KANE,UT,49025,100.8
MILLARD,UT,49027,64.8
MORGAN,UT,49029,36.7
RICH,UT,49033,29.5
SALT LAKE,UT,49035,63.2
SAN JUAN,UT,49037,15.1
SANPETE,UT,49039,83.2
SEVIER,UT,49041,108.2
SUMMIT,UT,49043,51.5
TOOELE,UT,49045,64
UINTAH,UT,49047,61.3
UTAH,UT,49049,52.9
WASATCH,UT,49051,58.9
WASHINGTON,UT,49053,79.7
WEBER,UT,49057,75.9
ADDISON,VT,50001,41.7
BENNINGTON,VT,50003,62.5
CALEDONIA,VT,50005,54.9
CHITTENDEN,VT,50007,42.7
ESSEX,VT,50009,0.5
FRANKLIN,VT,50011,79.1
GRAND ISLE,VT,50013,14.9
LAMOILLE,VT,50015,52.3
ORANGE,VT,50017,34.4
ORLEANS,VT,50019,60.8
RUTLAND,VT,50021,65.6
WASHINGTON,VT,50023,52
WINDHAM,VT,50025,60.1
WINDSOR,VT,50027,30.9
ACCOMACK,VA,51001,50.8
ALBEMARLE,VA,51003,49.1
ALLEGHANY,VA,51005,70.4
AMELIA,VA,51007,37
AMHERST,VA,51009,62
APPOMATTOX,VA,51011,96.7
ARLINGTON,VA,51013,20.1
AUGUSTA,VA,51015,15.9
BATH,VA,51017,1.1
BEDFORD,VA,51019,37
BLAND,VA,51021,54.6
BOTETOURT,VA,51023,35.4
BRUNSWICK,VA,51025,17.9
BUCHANAN,VA,51027,138.6
BUCKINGHAM,VA,51029,1.8
CAMPBELL,VA,51031,32.9
CAROLINE,VA,51033,32
CARROLL,VA,51035,35.8
CHARLOTTE,VA,51037,31.7
CHESTERFIELD,VA,51041,56.3
CLARKE,VA,51043,27.5
CRAIG,VA,51045,5.9
CULPEPER,VA,51047,53.3
CUMBERLAND,VA,51049,21.2
DICKENSON,VA,51051,155.6
DINWIDDIE,VA,51053,3.8
ESSEX,VA,51057,87.8
FAIRFAX,VA,51059,24.9
FAUQUIER,VA,51061,61.7
FLOYD,VA,51063,34.9
FLUVANNA,VA,51065,27
FRANKLIN,VA,51067,66.9
FREDERICK,VA,51069,50.4
GILES,VA,51071,98.1
GLOUCESTER,VA,51073,89
GOOCHLAND,VA,51075,10.8
GRAYSON,VA,51077,19.8
GREENE,VA,51079,66
HALIFAX,VA,51083,70.3
HANOVER,VA,51085,73.7
HENRICO,VA,51087,56.6
HENRY,VA,51089,63.4
ISLE OF WIGHT,VA,51093,64.6
JAMES CITY,VA,51095,80.4
KING GEORGE,VA,51099,44.3
KING WILLIAM,VA,51101,29.8
LANCASTER,VA,51103,125.3
LEE,VA,51105,132.6
LOUDOUN,VA,51107,31.1
LOUISA,VA,51109,41.9
LUNENBURG,VA,51111,1.2
MATHEWS,VA,51115,50.1
MECKLENBURG,VA,51117,83.9
MIDDLESEX,VA,51119,3.1
MONTGOMERY,VA,51121,53.2
NELSON,VA,51125,17.9
NEW KENT,VA,51127,44.8
NORTHAMPTON,VA,51131,96.4
NORTHUMBERLAND,VA,51133,24
NOTTOWAY,VA,51135,63.3
ORANGE,VA,51137,73.8
PAGE,VA,51139,75.8
PATRICK,VA,51141,58.5
PITTSYLVANIA,VA,51143,16.5
POWHATAN,VA,51145,41.8
PRINCE EDWARD,VA,51147,82.5
PRINCE WILLIAM,VA,51153,32.2
PULASKI,VA,51155,111
RICHMOND,VA,51159,35.8
ROANOKE,VA,51161,74.9
ROCKBRIDGE,VA,51163,0.1
ROCKINGHAM,VA,51165,27.7
RUSSELL,VA,51167,105.7
SCOTT,VA,51169,136.1
SHENANDOAH,VA,51171,53.4
SMYTH,VA,51173,105.1
SOUTHAMPTON,VA,51175,
SPOTSYLVANIA,VA,51177,54.5
STAFFORD,VA,51179,41.3
SUSSEX,VA,51183,14.1
TAZEWELL,VA,51185,153.3
WARREN,VA,51187,77.5
WASHINGTON,VA,51191,88.1
WESTMORELAND,VA,51193,35.1
WISE,VA,51195,159
WYTHE,VA,51197,91.2
YORK,VA,51199,40.3
ALEXANDRIA CITY,VA,51510,27.2
BRISTOL CITY,VA,51520,161
BUENA VISTA CITY,VA,51530,81.1
CHARLOTTESVILLE CITY,VA,51540,44.1
CHESAPEAKE CITY,VA,51550,54.2
COLONIAL HEIGHTS CITY,VA,51570,179.8
COVINGTON CITY,VA,51580,211.8
DANVILLE CITY,VA,51590,162.1
EMPORIA CITY,VA,51595,219
FAIRFAX CITY,VA,51600,68.5
FALLS CHURCH CITY,VA,51610,49.5
FRANKLIN CITY,VA,51620,234.1
FREDERICKSBURG CITY,VA,51630,135.6
GALAX CITY,VA,51640,345.1
HAMPTON CITY,VA,51650,60.9
HARRISONBURG CITY,VA,51660,105.8
HOPEWELL CITY,VA,51670,150.8
LEXINGTON CITY,VA,51678,213.5
LYNCHBURG CITY,VA,51680,93.3
MANASSAS CITY,VA,51683,88.1
MARTINSVILLE CITY,VA,51690,336.4
NEWPORT NEWS CITY,VA,51700,49.8
NORFOLK CITY,VA,51710,53.9
NORTON CITY,VA,51720,396.1
PETERSBURG CITY,VA,51730,130.4
POQUOSON CITY,VA,51735,66
PORTSMOUTH CITY,VA,51740,83.8
RADFORD CITY,VA,51750,82.6
RICHMOND CITY,VA,51760,41.9
ROANOKE CITY,VA,51770,86.2
SALEM CITY,VA,51775,178.4
STAUNTON CITY,VA,51790,144.9
SUFFOLK CITY,VA,51800,75.3
VIRGINIA BEACH CITY,VA,51810,52.1
WAYNESBORO CITY,VA,51820,169
WINCHESTER CITY,VA,51840,138
ADAMS,WA,53001,25.5
ASOTIN,WA,53003,133.2
BENTON,WA,53005,89.8
CHELAN,WA,53007,70.3
CLALLAM,WA,53009,101.8
CLARK,WA,53011,54.2
COLUMBIA,WA,53013,100.4
COWLITZ,WA,53015,76.6
DOUGLAS,WA,53017,57.2
FERRY,WA,53019,51
FRANKLIN,WA,53021,52.9
GARFIELD,WA,53023,95.7
GRANT,WA,53025,65.7
GRAYS HARBOR,WA,53027,90.4
ISLAND,WA,53029,39.1
JEFFERSON,WA,53031,78.6
KING,WA,53033,41.9
KITSAP,WA,53035,56.8
KITTITAS,WA,53037,47.9
KLICKITAT,WA,53039,19.9
LEWIS,WA,53041,81.6
LINCOLN,WA,53043,65.1
MASON,WA,53045,75.1
OKANOGAN,WA,53047,64.3
PACIFIC,WA,53049,29.4
PEND OREILLE,WA,53051,102.4
PIERCE,WA,53053,57.2
SAN JUAN,WA,53055,59.8
SKAGIT,WA,53057,71.8
SKAMANIA,WA,53059,2.8
SNOHOMISH,WA,53061,60.9
SPOKANE,WA,53063,76.6
STEVENS,WA,53065,75.4
THURSTON,WA,53067,54.8
WAHKIAKUM,WA,53069,5.8
WALLA WALLA,WA,53071,74.4
WHATCOM,WA,53073,63.1
WHITMAN,WA,53075,45.9
YAKIMA,WA,53077,60.4
BARBOUR,WV,54001,56.3
BERKELEY,WV,54003,82.6
BOONE,WV,54005,106.7
BRAXTON,WV,54007,77.7
BROOKE,WV,54009,76
CABELL,WV,54011,106.8
CALHOUN,WV,54013,37.4
CLAY,WV,54015,51.9
DODDRIDGE,WV,54017,25.5
FAYETTE,WV,54019,60.9
GILMER,WV,54021,49.1
GRANT,WV,54023,73.8
GREENBRIER,WV,54025,95.6
HAMPSHIRE,WV,54027,64.1
HANCOCK,WV,54029,117.8
HARDY,WV,54031,71.3
HARRISON,WV,54033,88.4
JACKSON,WV,54035,67.6
JEFFERSON,WV,54037,77.1
KANAWHA,WV,54039,94.9
LEWIS,WV,54041,72.2
LINCOLN,WV,54043,41.5
LOGAN,WV,54045,170.7
MCDOWELL,WV,54047,88.2
MARION,WV,54049,75
MARSHALL,WV,54051,109.1
MASON,WV,54053,68.8
MERCER,WV,54055,101.7
MINERAL,WV,54057,80.7
MINGO,WV,54059,74.5
MONONGALIA,WV,54061,46.5
MONROE,WV,54063,33.4
MORGAN,WV,54065,68.6
NICHOLAS,WV,54067,113
OHIO,WV,54069,67.4
PENDLETON,WV,54071,60.8
PLEASANTS,WV,54073,100.7
POCAHONTAS,WV,54075,48.5
PRESTON,WV,54077,59.3
PUTNAM,WV,54079,78.2
RALEIGH,WV,54081,78.9
RANDOLPH,WV,54083,87.4
RITCHIE,WV,54085,59.6
ROANE,WV,54087,85.2
SUMMERS,WV,54089,90.3
TAYLOR,WV,54091,58.5
TUCKER,WV,54093,36.7
TYLER,WV,54095,45.3
UPSHUR,WV,54097,49.9
WAYNE,WV,54099,61.6
WEBSTER,WV,54101,50.7
WETZEL,WV,54103,84.7
WIRT,WV,54105,34.6
WOOD,WV,54107,91.3
WYOMING,WV,54109,113.6
ADAMS,WI,55001,37.7
ASHLAND,WI,55003,73.5
BARRON,WI,55005,70.7
BAYFIELD,WI,55007,5.2
BROWN,WI,55009,55.8
BUFFALO,WI,55011,0.4
BURNETT,WI,55013,60
CALUMET,WI,55015,18.3
CHIPPEWA,WI,55017,52.7
CLARK,WI,55019,25.3
COLUMBIA,WI,55021,81.4
CRAWFORD,WI,55023,60.4
DANE,WI,55025,43.9
DODGE,WI,55027,37.1
DOOR,WI,55029,58.3
DOUGLAS,WI,55031,48.2
DUNN,WI,55033,33.9
EAU CLAIRE,WI,55035,48.7
FOND DU LAC,WI,55039,43.6
FOREST,WI,55041,38.7
GRANT,WI,55043,39.3
GREEN,WI,55045,46.1
GREEN LAKE,WI,55047,51.4
IOWA,WI,55049,39.6
IRON,WI,55051,66.2
JACKSON,WI,55053,22.9
JEFFERSON,WI,55055,54.6
JUNEAU,WI,55057,105.4
KENOSHA,WI,55059,53.4
KEWAUNEE,WI,55061,15.4
LA CROSSE,WI,55063,57.9
LAFAYETTE,WI,55065,11
LANGLADE,WI,55067,81.7
LINCOLN,WI,55069,62.9
MANITOWOC,WI,55071,48.4
MARATHON,WI,55073,42.4
MARINETTE,WI,55075,60.9
MARQUETTE,WI,55077,26
MILWAUKEE,WI,55079,64.2
MONROE,WI,55081,58
OCONTO,WI,55083,29.6
ONEIDA,WI,55085,69.4
OUTAGAMIE,WI,55087,50.3
OZAUKEE,WI,55089,54
PEPIN,WI,55091,49.5
PIERCE,WI,55093,31.5
POLK,WI,55095,53.6
PORTAGE,WI,55097,47.5
PRICE,WI,55099,51
RACINE,WI,55101,64.8
RICHLAND,WI,55103,37.7
ROCK,WI,55105,64.4
RUSK,WI,55107,27.5
SAINT CROIX,WI,55109,31.7
SAUK,WI,55111,55.6
SAWYER,WI,55113,76.3
SHAWANO,WI,55115,35.5
SHEBOYGAN,WI,55117,54.6
TAYLOR,WI,55119,22.1
TREMPEALEAU,WI,55121,14.1
VERNON,WI,55123,36.8
VILAS,WI,55125,52.2
WALWORTH,WI,55127,51.4
WASHBURN,WI,55129,26.5
WASHINGTON,WI,55131,54.9
WAUKESHA,WI,55133,58.2
WAUPACA,WI,55135,73
WAUSHARA,WI,55137,25
WINNEBAGO,WI,55139,48.5
WOOD,WI,55141,60.5
ALBANY,WY,56001,43.3
BIG HORN,WY,56003,50.1
CAMPBELL,WY,56005,66.5
CARBON,WY,56007,60.3
CONVERSE,WY,56009,64.4
CROOK,WY,56011,0.4
FREMONT,WY,56013,76.9
GOSHEN,WY,56015,30.1
HOT SPRINGS,WY,56017,69.8
JOHNSON,WY,56019,58.5
LARAMIE,WY,56021,64.5
LINCOLN,WY,56023,65
NATRONA,WY,56025,73.3
NIOBRARA,WY,56027,1.4
PARK,WY,56029,73.2
PLATTE,WY,56031,51.9
SHERIDAN,WY,56033,44.3
SUBLETTE,WY,56035,54.1
SWEETWATER,WY,56037,88.1
TETON,WY,56039,59.4
UINTA,WY,56041,100.2
WASHAKIE,WY,56043,78.7
WESTON,WY,56045,40.2